repo_path,raw_url,video_name,subject_id,subject_num,skill_label,skill_binary,stroke_type,repeat_id,action_folder,modality_dir,valid_flag,parse_note,blob_sha,blob_size_bytes
VIDEO_RGB/backhand/p1_backhand_s1.avi,https://raw.githubusercontent.com/THETIS-dataset/dataset/main/VIDEO_RGB/backhand/p1_backhand_s1.avi,p1_backhand_s1.avi,p1,1,beginner,0,backhand,1,backhand,VIDEO_RGB,1,,f1f4ffc10acc37a89b241b0bc425ebead94a1e09,3399256
VIDEO_RGB/backhand/p1_backhand_s2.avi,https://raw.githubusercontent.com/THETIS-dataset/dataset/main/VIDEO_RGB/backhand/p1_backhand_s2.avi,p1_backhand_s2.avi,p1,1,beginner,0,backhand,2,backhand,VIDEO_RGB,1,,8a79241d30b22d054e013835b6635b61264a995f,1635362
VIDEO_RGB/backhand/p1_backhand_s3.avi,https://raw.githubusercontent.com/THETIS-dataset/dataset/main/VIDEO_RGB/backhand/p1_backhand_s3.avi,p1_backhand_s3.avi,p1,1,beginner,0,backhand,3,backhand,VIDEO_RGB,1,,f9a37abb049094dfe9673c4d4f576b497b452825,2053824
VIDEO_RGB/backhand/p2_backhand_s1.avi,https://raw.githubusercontent.com/THETIS-dataset/dataset/main/VIDEO_RGB/backhand/p2_backhand_s1.avi,p2_backhand_s1.avi,p2,2,beginner,0,backhand,1,backhand,VIDEO_RGB,1,,64bb45e89562b5aca5bb1afc1c8f1b01cc095a02,1751480
VIDEO_RGB/backhand/p2_backhand_s2.avi,https://raw.githubusercontent.com/THETIS-dataset/dataset/main/VIDEO_RGB/backhand/p2_backhand_s2.avi,p2_backhand_s2.avi,p2,2,beginner,0,backhand,2,backhand,VIDEO_RGB,1,,c1c2e331b2aa7382b2d323938cb91829cb3b8307,1685696
VIDEO_RGB/backhand/p2_backhand_s3.avi,https://raw.githubusercontent.com/THETIS-dataset/dataset/main/VIDEO_RGB/backhand/p2_backhand_s3.avi,p2_backhand_s3.avi,p2,2,beginner,0,backhand,3,backhand,VIDEO_RGB,1,,38d1ba9011c12dd44b07db84561ea352c01405ff,1748968
VIDEO_RGB/backhand/p3_backhand_s1.avi,https://raw.githubusercontent.com/THETIS-dataset/dataset/main/VIDEO_RGB/backhand/p3_backhand_s1.avi,p3_backhand_s1.avi,p3,3,beginner,0,backhand,1,backhand,VIDEO_RGB,1,,c616200d26278153be61acd33570d5f3b57cc572,2013004
VIDEO_RGB/backhand/p3_backhand_s2.avi,https://raw.githubusercontent.com/THETIS-dataset/dataset/main/VIDEO_RGB/backhand/p3_backhand_s2.avi,p3_backhand_s2.avi,p3,3,beginner,0,backhand,2,backhand,VIDEO_RGB,1,,3deb8ef814d530733a98a9de138667d58f678837,1686430
VIDEO_RGB/backhand/p3_backhand_s3.avi,https://raw.githubusercontent.com/THETIS-dataset/dataset/main/VIDEO_RGB/backhand/p3_backhand_s3.avi,p3_backhand_s3.avi,p3,3,beginner,0,backhand,3,backhand,VIDEO_RGB,1,,271b3cfa2a93d48a381df1e478917c3de08bfaf4,1767884
VIDEO_RGB/backhand/p4_backhand_s1.avi,https://raw.githubusercontent.com/THETIS-dataset/dataset/main/VIDEO_RGB/backhand/p4_backhand_s1.avi,p4_backhand_s1.avi,p4,4,beginner,0,backhand,1,backhand,VIDEO_RGB,1,,9527a0008ddb4867810ffdf31a4d1d75f92863fd,2232000
VIDEO_RGB/backhand/p4_backhand_s2.avi,https://raw.githubusercontent.com/THETIS-dataset/dataset/main/VIDEO_RGB/backhand/p4_backhand_s2.avi,p4_backhand_s2.avi,p4,4,beginner,0,backhand,2,backhand,VIDEO_RGB,1,,e580f78813608d0167f1d7a8db17a9500e9fb23f,1954788
VIDEO_RGB/backhand/p4_backhand_s3.avi,https://raw.githubusercontent.com/THETIS-dataset/dataset/main/VIDEO_RGB/backhand/p4_backhand_s3.avi,p4_backhand_s3.avi,p4,4,beginner,0,backhand,3,backhand,VIDEO_RGB,1,,f918477b6f96a1aa5a2796a0ef77a2834382a322,2166136
VIDEO_RGB/backhand/p5_backhand_s1.avi,https://raw.githubusercontent.com/THETIS-dataset/dataset/main/VIDEO_RGB/backhand/p5_backhand_s1.avi,p5_backhand_s1.avi,p5,5,beginner,0,backhand,1,backhand,VIDEO_RGB,1,,e3e4c98614f5ab16f065c5bac340dbbd8b6ca064,1865154
VIDEO_RGB/backhand/p5_backhand_s2.avi,https://raw.githubusercontent.com/THETIS-dataset/dataset/main/VIDEO_RGB/backhand/p5_backhand_s2.avi,p5_backhand_s2.avi,p5,5,beginner,0,backhand,2,backhand,VIDEO_RGB,1,,5c490ba070508a30ec8b6d8d67a6b88f5a21edc8,1991636
VIDEO_RGB/backhand/p5_backhand_s3.avi,https://raw.githubusercontent.com/THETIS-dataset/dataset/main/VIDEO_RGB/backhand/p5_backhand_s3.avi,p5_backhand_s3.avi,p5,5,beginner,0,backhand,3,backhand,VIDEO_RGB,1,,5e979ccd36cfc2632dd2a7adcb7f129802c35bf9,1850614
VIDEO_RGB/backhand/p6_backhand_s1.avi,https://raw.githubusercontent.com/THETIS-dataset/dataset/main/VIDEO_RGB/backhand/p6_backhand_s1.avi,p6_backhand_s1.avi,p6,6,beginner,0,backhand,1,backhand,VIDEO_RGB,1,,83323f6839226f686918a09c146a20a9a5470493,2599292
VIDEO_RGB/backhand/p6_backhand_s2.avi,https://raw.githubusercontent.com/THETIS-dataset/dataset/main/VIDEO_RGB/backhand/p6_backhand_s2.avi,p6_backhand_s2.avi,p6,6,beginner,0,backhand,2,backhand,VIDEO_RGB,1,,be2de4ecf715ef169aee50e60165af7a5f5eccba,2530852
VIDEO_RGB/backhand/p6_backhand_s3.avi,https://raw.githubusercontent.com/THETIS-dataset/dataset/main/VIDEO_RGB/backhand/p6_backhand_s3.avi,p6_backhand_s3.avi,p6,6,beginner,0,backhand,3,backhand,VIDEO_RGB,1,,fc977a51b5b5ac0c9a0dd4ab0d032aee81922078,1803988
VIDEO_RGB/backhand/p7_backhand_s1.avi,https://raw.githubusercontent.com/THETIS-dataset/dataset/main/VIDEO_RGB/backhand/p7_backhand_s1.avi,p7_backhand_s1.avi,p7,7,beginner,0,backhand,1,backhand,VIDEO_RGB,1,,05f02897c55b092b35295f75ed711b35c3708c14,1742358
VIDEO_RGB/backhand/p7_backhand_s2.avi,https://raw.githubusercontent.com/THETIS-dataset/dataset/main/VIDEO_RGB/backhand/p7_backhand_s2.avi,p7_backhand_s2.avi,p7,7,beginner,0,backhand,2,backhand,VIDEO_RGB,1,,d52333ada411021953edf044832d2007cefeb178,1548292
VIDEO_RGB/backhand/p7_backhand_s3.avi,https://raw.githubusercontent.com/THETIS-dataset/dataset/main/VIDEO_RGB/backhand/p7_backhand_s3.avi,p7_backhand_s3.avi,p7,7,beginner,0,backhand,3,backhand,VIDEO_RGB,1,,22266649df11260db9f7c3baf6fe91db652b02e3,1879552
VIDEO_RGB/backhand/p8_backhand_s1.avi,https://raw.githubusercontent.com/THETIS-dataset/dataset/main/VIDEO_RGB/backhand/p8_backhand_s1.avi,p8_backhand_s1.avi,p8,8,beginner,0,backhand,1,backhand,VIDEO_RGB,1,,2b007c90af11daf48596b241d74c544a666ff374,2613618
VIDEO_RGB/backhand/p8_backhand_s2.avi,https://raw.githubusercontent.com/THETIS-dataset/dataset/main/VIDEO_RGB/backhand/p8_backhand_s2.avi,p8_backhand_s2.avi,p8,8,beginner,0,backhand,2,backhand,VIDEO_RGB,1,,3ac847072fb6b394a9c5430623c906ac0db77abd,1976530
VIDEO_RGB/backhand/p8_backhand_s3.avi,https://raw.githubusercontent.com/THETIS-dataset/dataset/main/VIDEO_RGB/backhand/p8_backhand_s3.avi,p8_backhand_s3.avi,p8,8,beginner,0,backhand,3,backhand,VIDEO_RGB,1,,e45075fd0822c6829cee2cbca410ba8b26ce7e08,1566960
VIDEO_RGB/backhand/p9_backhand_s1.avi,https://raw.githubusercontent.com/THETIS-dataset/dataset/main/VIDEO_RGB/backhand/p9_backhand_s1.avi,p9_backhand_s1.avi,p9,9,beginner,0,backhand,1,backhand,VIDEO_RGB,1,,f28a9d83ff5b29cbbd2d9942103c32308a79e63c,2207892
VIDEO_RGB/backhand/p9_backhand_s2.avi,https://raw.githubusercontent.com/THETIS-dataset/dataset/main/VIDEO_RGB/backhand/p9_backhand_s2.avi,p9_backhand_s2.avi,p9,9,beginner,0,backhand,2,backhand,VIDEO_RGB,1,,45c2dff8839720342658e44f86ef34d24fcef79a,2133590
VIDEO_RGB/backhand/p9_backhand_s3.avi,https://raw.githubusercontent.com/THETIS-dataset/dataset/main/VIDEO_RGB/backhand/p9_backhand_s3.avi,p9_backhand_s3.avi,p9,9,beginner,0,backhand,3,backhand,VIDEO_RGB,1,,312c4544fe4fab399fecf6bcffc59a0771679059,2315554
VIDEO_RGB/backhand/p10_backhand_s1.avi,https://raw.githubusercontent.com/THETIS-dataset/dataset/main/VIDEO_RGB/backhand/p10_backhand_s1.avi,p10_backhand_s1.avi,p10,10,beginner,0,backhand,1,backhand,VIDEO_RGB,1,,6e2ec7f7bc51dd99a05d7b5e553eef3ed31d2308,1924998
VIDEO_RGB/backhand/p10_backhand_s2.avi,https://raw.githubusercontent.com/THETIS-dataset/dataset/main/VIDEO_RGB/backhand/p10_backhand_s2.avi,p10_backhand_s2.avi,p10,10,beginner,0,backhand,2,backhand,VIDEO_RGB,1,,d529f7cdc611faea817f1355fcde85ca2ebc9dbc,1743918
VIDEO_RGB/backhand/p10_backhand_s3.avi,https://raw.githubusercontent.com/THETIS-dataset/dataset/main/VIDEO_RGB/backhand/p10_backhand_s3.avi,p10_backhand_s3.avi,p10,10,beginner,0,backhand,3,backhand,VIDEO_RGB,1,,4d7b63c3c1431059d617b102b571765e87646206,1594264
VIDEO_RGB/backhand/p11_backhand_s1.avi,https://raw.githubusercontent.com/THETIS-dataset/dataset/main/VIDEO_RGB/backhand/p11_backhand_s1.avi,p11_backhand_s1.avi,p11,11,beginner,0,backhand,1,backhand,VIDEO_RGB,1,,0163abf5743986381f58523b0ae40441ef37e0f1,2075962
VIDEO_RGB/backhand/p11_backhand_s2.avi,https://raw.githubusercontent.com/THETIS-dataset/dataset/main/VIDEO_RGB/backhand/p11_backhand_s2.avi,p11_backhand_s2.avi,p11,11,beginner,0,backhand,2,backhand,VIDEO_RGB,1,,d56f944a7a5b71313d67d9c1863eab0e43f3e841,2541336
VIDEO_RGB/backhand/p11_backhand_s3.avi,https://raw.githubusercontent.com/THETIS-dataset/dataset/main/VIDEO_RGB/backhand/p11_backhand_s3.avi,p11_backhand_s3.avi,p11,11,beginner,0,backhand,3,backhand,VIDEO_RGB,1,,5e3e1be603c581e0ef42e48bb8d8dc6edc41ee06,2073302
VIDEO_RGB/backhand/p12_backhand_s1.avi,https://raw.githubusercontent.com/THETIS-dataset/dataset/main/VIDEO_RGB/backhand/p12_backhand_s1.avi,p12_backhand_s1.avi,p12,12,beginner,0,backhand,1,backhand,VIDEO_RGB,1,,27a90fbafea740b9413b471fa717dc5e65f72acd,1996928
VIDEO_RGB/backhand/p12_backhand_s2.avi,https://raw.githubusercontent.com/THETIS-dataset/dataset/main/VIDEO_RGB/backhand/p12_backhand_s2.avi,p12_backhand_s2.avi,p12,12,beginner,0,backhand,2,backhand,VIDEO_RGB,1,,ccb72eaf996978ba3660a457e3af8c29908bf3a6,1698994
VIDEO_RGB/backhand/p12_backhand_s3.avi,https://raw.githubusercontent.com/THETIS-dataset/dataset/main/VIDEO_RGB/backhand/p12_backhand_s3.avi,p12_backhand_s3.avi,p12,12,beginner,0,backhand,3,backhand,VIDEO_RGB,1,,625d7e6b4f7a9284d197f55d442ba7aaf8e774f4,1692952
VIDEO_RGB/backhand/p13_backhand_s1.avi,https://raw.githubusercontent.com/THETIS-dataset/dataset/main/VIDEO_RGB/backhand/p13_backhand_s1.avi,p13_backhand_s1.avi,p13,13,beginner,0,backhand,1,backhand,VIDEO_RGB,1,,ffe768d7df4dbee59461e2f0305116613bc2a603,1690584
VIDEO_RGB/backhand/p13_backhand_s2.avi,https://raw.githubusercontent.com/THETIS-dataset/dataset/main/VIDEO_RGB/backhand/p13_backhand_s2.avi,p13_backhand_s2.avi,p13,13,beginner,0,backhand,2,backhand,VIDEO_RGB,1,,92f9a736e9d329d0f16d55898ff875e63bf6f95e,1713106
VIDEO_RGB/backhand/p13_backhand_s3.avi,https://raw.githubusercontent.com/THETIS-dataset/dataset/main/VIDEO_RGB/backhand/p13_backhand_s3.avi,p13_backhand_s3.avi,p13,13,beginner,0,backhand,3,backhand,VIDEO_RGB,1,,b5fda0df29529a4a879baa28f94d0999e03d2105,2204448
VIDEO_RGB/backhand/p14_backhand_s1.avi,https://raw.githubusercontent.com/THETIS-dataset/dataset/main/VIDEO_RGB/backhand/p14_backhand_s1.avi,p14_backhand_s1.avi,p14,14,beginner,0,backhand,1,backhand,VIDEO_RGB,1,,350498a9a8a9130bb8eac58f0c827857d39881e0,1468744
VIDEO_RGB/backhand/p14_backhand_s2.avi,https://raw.githubusercontent.com/THETIS-dataset/dataset/main/VIDEO_RGB/backhand/p14_backhand_s2.avi,p14_backhand_s2.avi,p14,14,beginner,0,backhand,2,backhand,VIDEO_RGB,1,,0ea391ed017bfc65ffeb15cba8c956ea79543046,1526228
VIDEO_RGB/backhand/p14_backhand_s3.avi,https://raw.githubusercontent.com/THETIS-dataset/dataset/main/VIDEO_RGB/backhand/p14_backhand_s3.avi,p14_backhand_s3.avi,p14,14,beginner,0,backhand,3,backhand,VIDEO_RGB,1,,6c42352229bcb0fed44edd5094cf4c2e2ec4bad1,1239220
VIDEO_RGB/backhand/p15_backhand_s1.avi,https://raw.githubusercontent.com/THETIS-dataset/dataset/main/VIDEO_RGB/backhand/p15_backhand_s1.avi,p15_backhand_s1.avi,p15,15,beginner,0,backhand,1,backhand,VIDEO_RGB,1,,8fd138e13f5270da7e58ec91b92bf21ddb9e14fb,2048726
VIDEO_RGB/backhand/p15_backhand_s2.avi,https://raw.githubusercontent.com/THETIS-dataset/dataset/main/VIDEO_RGB/backhand/p15_backhand_s2.avi,p15_backhand_s2.avi,p15,15,beginner,0,backhand,2,backhand,VIDEO_RGB,1,,1d38c783bdec9c6a4199ae44b12b01a41cc1b137,1675824
VIDEO_RGB/backhand/p15_backhand_s3.avi,https://raw.githubusercontent.com/THETIS-dataset/dataset/main/VIDEO_RGB/backhand/p15_backhand_s3.avi,p15_backhand_s3.avi,p15,15,beginner,0,backhand,3,backhand,VIDEO_RGB,1,,6d18a2add1b8d7d1bea1e4b7b40aa77d8e5ce348,2105012
VIDEO_RGB/backhand/p16_backhand_s1.avi,https://raw.githubusercontent.com/THETIS-dataset/dataset/main/VIDEO_RGB/backhand/p16_backhand_s1.avi,p16_backhand_s1.avi,p16,16,beginner,0,backhand,1,backhand,VIDEO_RGB,1,,e0496ea79839e847a901d85533995903e063c75b,2525404
VIDEO_RGB/backhand/p16_backhand_s2.avi,https://raw.githubusercontent.com/THETIS-dataset/dataset/main/VIDEO_RGB/backhand/p16_backhand_s2.avi,p16_backhand_s2.avi,p16,16,beginner,0,backhand,2,backhand,VIDEO_RGB,1,,0027a10f9589ebcfb1eb06e44360fb5a4453bfe3,2366804
VIDEO_RGB/backhand/p16_backhand_s3.avi,https://raw.githubusercontent.com/THETIS-dataset/dataset/main/VIDEO_RGB/backhand/p16_backhand_s3.avi,p16_backhand_s3.avi,p16,16,beginner,0,backhand,3,backhand,VIDEO_RGB,1,,00e6635311370e540fc78b08cf015b02b98cfbad,2344032
VIDEO_RGB/backhand/p17_backhand_s1.avi,https://raw.githubusercontent.com/THETIS-dataset/dataset/main/VIDEO_RGB/backhand/p17_backhand_s1.avi,p17_backhand_s1.avi,p17,17,beginner,0,backhand,1,backhand,VIDEO_RGB,1,,81585dd291f40a39f1ea7e02889c4da98ce9aa9b,1076492
VIDEO_RGB/backhand/p17_backhand_s2.avi,https://raw.githubusercontent.com/THETIS-dataset/dataset/main/VIDEO_RGB/backhand/p17_backhand_s2.avi,p17_backhand_s2.avi,p17,17,beginner,0,backhand,2,backhand,VIDEO_RGB,1,,5bc5fdee332fbc562882fd74feb3970685f81acb,1189500
VIDEO_RGB/backhand/p17_backhand_s3.avi,https://raw.githubusercontent.com/THETIS-dataset/dataset/main/VIDEO_RGB/backhand/p17_backhand_s3.avi,p17_backhand_s3.avi,p17,17,beginner,0,backhand,3,backhand,VIDEO_RGB,1,,e22084696a24e70b4d7a42dc29801da39ff2231c,954478
VIDEO_RGB/backhand/p18_backhand_s1.avi,https://raw.githubusercontent.com/THETIS-dataset/dataset/main/VIDEO_RGB/backhand/p18_backhand_s1.avi,p18_backhand_s1.avi,p18,18,beginner,0,backhand,1,backhand,VIDEO_RGB,1,,46308269f73b2296ae45eb0b0b7430d95a97dbc4,1981496
VIDEO_RGB/backhand/p18_backhand_s2.avi,https://raw.githubusercontent.com/THETIS-dataset/dataset/main/VIDEO_RGB/backhand/p18_backhand_s2.avi,p18_backhand_s2.avi,p18,18,beginner,0,backhand,2,backhand,VIDEO_RGB,1,,ef6391ed4ba9d77941fdaaf8a87916e6153835de,2202514
VIDEO_RGB/backhand/p18_backhand_s3.avi,https://raw.githubusercontent.com/THETIS-dataset/dataset/main/VIDEO_RGB/backhand/p18_backhand_s3.avi,p18_backhand_s3.avi,p18,18,beginner,0,backhand,3,backhand,VIDEO_RGB,1,,8c8e2a7b3e54e95f7d82016b6a452f1c249fe1b4,2266742
VIDEO_RGB/backhand/p19_backhand_s1.avi,https://raw.githubusercontent.com/THETIS-dataset/dataset/main/VIDEO_RGB/backhand/p19_backhand_s1.avi,p19_backhand_s1.avi,p19,19,beginner,0,backhand,1,backhand,VIDEO_RGB,1,,5ffc9f960fc691e2431833cabc42d0c3cb7f7077,2329860
VIDEO_RGB/backhand/p19_backhand_s2.avi,https://raw.githubusercontent.com/THETIS-dataset/dataset/main/VIDEO_RGB/backhand/p19_backhand_s2.avi,p19_backhand_s2.avi,p19,19,beginner,0,backhand,2,backhand,VIDEO_RGB,1,,22e5808e3302121c227e725c01c742f3bffaa458,2163348
VIDEO_RGB/backhand/p19_backhand_s3.avi,https://raw.githubusercontent.com/THETIS-dataset/dataset/main/VIDEO_RGB/backhand/p19_backhand_s3.avi,p19_backhand_s3.avi,p19,19,beginner,0,backhand,3,backhand,VIDEO_RGB,1,,b8c264c7e2d791c63be4d12224657e7891c7cdc6,2034406
VIDEO_RGB/backhand/p20_backhand_s1.avi,https://raw.githubusercontent.com/THETIS-dataset/dataset/main/VIDEO_RGB/backhand/p20_backhand_s1.avi,p20_backhand_s1.avi,p20,20,beginner,0,backhand,1,backhand,VIDEO_RGB,1,,96b295730afcb7c78a809849267cb8cef82742f3,2054530
VIDEO_RGB/backhand/p20_backhand_s2.avi,https://raw.githubusercontent.com/THETIS-dataset/dataset/main/VIDEO_RGB/backhand/p20_backhand_s2.avi,p20_backhand_s2.avi,p20,20,beginner,0,backhand,2,backhand,VIDEO_RGB,1,,5f699ad274c6cf392d904aab83d64127b59a730b,2082932
VIDEO_RGB/backhand/p20_backhand_s3.avi,https://raw.githubusercontent.com/THETIS-dataset/dataset/main/VIDEO_RGB/backhand/p20_backhand_s3.avi,p20_backhand_s3.avi,p20,20,beginner,0,backhand,3,backhand,VIDEO_RGB,1,,7849272de978d5f0f2fb12b80ea9ae727d7ff636,1923170
VIDEO_RGB/backhand/p21_backhand_s1.avi,https://raw.githubusercontent.com/THETIS-dataset/dataset/main/VIDEO_RGB/backhand/p21_backhand_s1.avi,p21_backhand_s1.avi,p21,21,beginner,0,backhand,1,backhand,VIDEO_RGB,1,,20257eb694f995c19754e78a595bcb3043fda6de,1408556
VIDEO_RGB/backhand/p21_backhand_s2.avi,https://raw.githubusercontent.com/THETIS-dataset/dataset/main/VIDEO_RGB/backhand/p21_backhand_s2.avi,p21_backhand_s2.avi,p21,21,beginner,0,backhand,2,backhand,VIDEO_RGB,1,,811abb8caf31a65f10c521330a707eac424fb5c3,1333496
VIDEO_RGB/backhand/p21_backhand_s3.avi,https://raw.githubusercontent.com/THETIS-dataset/dataset/main/VIDEO_RGB/backhand/p21_backhand_s3.avi,p21_backhand_s3.avi,p21,21,beginner,0,backhand,3,backhand,VIDEO_RGB,1,,fe557cdf13f419f5697a2d6e942e322dd7441c6b,1799830
VIDEO_RGB/backhand/p22_backhand_s1.avi,https://raw.githubusercontent.com/THETIS-dataset/dataset/main/VIDEO_RGB/backhand/p22_backhand_s1.avi,p22_backhand_s1.avi,p22,22,beginner,0,backhand,1,backhand,VIDEO_RGB,1,,f4ffb02256287f844e6ecfaad7836eb956d39aed,1540468
VIDEO_RGB/backhand/p22_backhand_s2.avi,https://raw.githubusercontent.com/THETIS-dataset/dataset/main/VIDEO_RGB/backhand/p22_backhand_s2.avi,p22_backhand_s2.avi,p22,22,beginner,0,backhand,2,backhand,VIDEO_RGB,1,,9fb887e84d5b784cda1fcd6787c562e6f1e221cc,1583396
VIDEO_RGB/backhand/p22_backhand_s3.avi,https://raw.githubusercontent.com/THETIS-dataset/dataset/main/VIDEO_RGB/backhand/p22_backhand_s3.avi,p22_backhand_s3.avi,p22,22,beginner,0,backhand,3,backhand,VIDEO_RGB,1,,2f73785f3bec351c21b2fa8492f2cc02cab963d2,1549428
VIDEO_RGB/backhand/p23_backhand_s1.avi,https://raw.githubusercontent.com/THETIS-dataset/dataset/main/VIDEO_RGB/backhand/p23_backhand_s1.avi,p23_backhand_s1.avi,p23,23,beginner,0,backhand,1,backhand,VIDEO_RGB,1,,49049cf00240a5aa3d1b3c4d188d4eb1345619c6,1864432
VIDEO_RGB/backhand/p23_backhand_s2.avi,https://raw.githubusercontent.com/THETIS-dataset/dataset/main/VIDEO_RGB/backhand/p23_backhand_s2.avi,p23_backhand_s2.avi,p23,23,beginner,0,backhand,2,backhand,VIDEO_RGB,1,,18757f0fcdfcc3c30d499688f718b4ca33b6e483,1909354
VIDEO_RGB/backhand/p23_backhand_s3.avi,https://raw.githubusercontent.com/THETIS-dataset/dataset/main/VIDEO_RGB/backhand/p23_backhand_s3.avi,p23_backhand_s3.avi,p23,23,beginner,0,backhand,3,backhand,VIDEO_RGB,1,,5a28976cae3ecb0b6327086d70cb8fee575120f1,1881664
VIDEO_RGB/backhand/p24_backhand_s1.avi,https://raw.githubusercontent.com/THETIS-dataset/dataset/main/VIDEO_RGB/backhand/p24_backhand_s1.avi,p24_backhand_s1.avi,p24,24,beginner,0,backhand,1,backhand,VIDEO_RGB,1,,462f1b2d409b3c9d8c418adf8cbfaf5bd586de76,4170904
VIDEO_RGB/backhand/p24_backhand_s2.avi,https://raw.githubusercontent.com/THETIS-dataset/dataset/main/VIDEO_RGB/backhand/p24_backhand_s2.avi,p24_backhand_s2.avi,p24,24,beginner,0,backhand,2,backhand,VIDEO_RGB,1,,62a32368514109fced6c029767ecd0592ec15ea9,4299630
VIDEO_RGB/backhand/p24_backhand_s3.avi,https://raw.githubusercontent.com/THETIS-dataset/dataset/main/VIDEO_RGB/backhand/p24_backhand_s3.avi,p24_backhand_s3.avi,p24,24,beginner,0,backhand,3,backhand,VIDEO_RGB,1,,53879bd3d5aa57f69cdfabb70a31843d344e37f0,2591252
VIDEO_RGB/backhand/p25_backhand_s1.avi,https://raw.githubusercontent.com/THETIS-dataset/dataset/main/VIDEO_RGB/backhand/p25_backhand_s1.avi,p25_backhand_s1.avi,p25,25,beginner,0,backhand,1,backhand,VIDEO_RGB,1,,806a2a7ccdda34c501167a07dd93891170acec89,1716760
VIDEO_RGB/backhand/p25_backhand_s2.avi,https://raw.githubusercontent.com/THETIS-dataset/dataset/main/VIDEO_RGB/backhand/p25_backhand_s2.avi,p25_backhand_s2.avi,p25,25,beginner,0,backhand,2,backhand,VIDEO_RGB,1,,d95fe28a9ff5cb0946866c4343179b62a1030248,1779274
VIDEO_RGB/backhand/p25_backhand_s3.avi,https://raw.githubusercontent.com/THETIS-dataset/dataset/main/VIDEO_RGB/backhand/p25_backhand_s3.avi,p25_backhand_s3.avi,p25,25,beginner,0,backhand,3,backhand,VIDEO_RGB,1,,6763f68b2c4e9df321a742cf757850623b2bb09a,2168498
VIDEO_RGB/backhand/p26_backhand_s1.avi,https://raw.githubusercontent.com/THETIS-dataset/dataset/main/VIDEO_RGB/backhand/p26_backhand_s1.avi,p26_backhand_s1.avi,p26,26,beginner,0,backhand,1,backhand,VIDEO_RGB,1,,70184d88ca045d33f7f1815ac5ba10696afc722d,2169214
VIDEO_RGB/backhand/p26_backhand_s2.avi,https://raw.githubusercontent.com/THETIS-dataset/dataset/main/VIDEO_RGB/backhand/p26_backhand_s2.avi,p26_backhand_s2.avi,p26,26,beginner,0,backhand,2,backhand,VIDEO_RGB,1,,a7a42b4089a0be98eb59fe7cec7c80290e9080ef,1697698
VIDEO_RGB/backhand/p26_backhand_s3.avi,https://raw.githubusercontent.com/THETIS-dataset/dataset/main/VIDEO_RGB/backhand/p26_backhand_s3.avi,p26_backhand_s3.avi,p26,26,beginner,0,backhand,3,backhand,VIDEO_RGB,1,,d17843323e94b66ad10f184f841e8150ddffd143,2018246
VIDEO_RGB/backhand/p27_backhand_s1.avi,https://raw.githubusercontent.com/THETIS-dataset/dataset/main/VIDEO_RGB/backhand/p27_backhand_s1.avi,p27_backhand_s1.avi,p27,27,beginner,0,backhand,1,backhand,VIDEO_RGB,1,,2aea8ff5d7f6ed15b25ea1b98fa2f001e20002b8,1802402
VIDEO_RGB/backhand/p27_backhand_s2.avi,https://raw.githubusercontent.com/THETIS-dataset/dataset/main/VIDEO_RGB/backhand/p27_backhand_s2.avi,p27_backhand_s2.avi,p27,27,beginner,0,backhand,2,backhand,VIDEO_RGB,1,,dfe566589c10ec80869b32720b80f5d11cd553a8,1916654
VIDEO_RGB/backhand/p27_backhand_s3.avi,https://raw.githubusercontent.com/THETIS-dataset/dataset/main/VIDEO_RGB/backhand/p27_backhand_s3.avi,p27_backhand_s3.avi,p27,27,beginner,0,backhand,3,backhand,VIDEO_RGB,1,,263bd445bd27a68305a3aec6bf7f41eb540cf1c0,1560530
VIDEO_RGB/backhand/p28_backhand_s1.avi,https://raw.githubusercontent.com/THETIS-dataset/dataset/main/VIDEO_RGB/backhand/p28_backhand_s1.avi,p28_backhand_s1.avi,p28,28,beginner,0,backhand,1,backhand,VIDEO_RGB,1,,10512a50ec66c1383b24eb6689ca0efde4ec9531,1684296
VIDEO_RGB/backhand/p28_backhand_s2.avi,https://raw.githubusercontent.com/THETIS-dataset/dataset/main/VIDEO_RGB/backhand/p28_backhand_s2.avi,p28_backhand_s2.avi,p28,28,beginner,0,backhand,2,backhand,VIDEO_RGB,1,,4fa72b52a0458aa250d5dc0ec8930af6a8837915,1925006
VIDEO_RGB/backhand/p28_backhand_s3.avi,https://raw.githubusercontent.com/THETIS-dataset/dataset/main/VIDEO_RGB/backhand/p28_backhand_s3.avi,p28_backhand_s3.avi,p28,28,beginner,0,backhand,3,backhand,VIDEO_RGB,1,,500b2631f64926ddedc8c7c2a59089b8e6e2a47e,1893588
VIDEO_RGB/backhand/p29_backhand_s1.avi,https://raw.githubusercontent.com/THETIS-dataset/dataset/main/VIDEO_RGB/backhand/p29_backhand_s1.avi,p29_backhand_s1.avi,p29,29,beginner,0,backhand,1,backhand,VIDEO_RGB,1,,1d5c9ae83cb3fac4e8710a23d42deec148baa082,1771668
VIDEO_RGB/backhand/p29_backhand_s2.avi,https://raw.githubusercontent.com/THETIS-dataset/dataset/main/VIDEO_RGB/backhand/p29_backhand_s2.avi,p29_backhand_s2.avi,p29,29,beginner,0,backhand,2,backhand,VIDEO_RGB,1,,759909195ab25385c5951ff9ec233facb6e7fb7c,2117502
VIDEO_RGB/backhand/p29_backhand_s3.avi,https://raw.githubusercontent.com/THETIS-dataset/dataset/main/VIDEO_RGB/backhand/p29_backhand_s3.avi,p29_backhand_s3.avi,p29,29,beginner,0,backhand,3,backhand,VIDEO_RGB,1,,b14840d18863455521881c98793b365c3fcc1e14,2247192
VIDEO_RGB/backhand/p30_backhand_s1.avi,https://raw.githubusercontent.com/THETIS-dataset/dataset/main/VIDEO_RGB/backhand/p30_backhand_s1.avi,p30_backhand_s1.avi,p30,30,beginner,0,backhand,1,backhand,VIDEO_RGB,1,,8393045c2b7564ef95a3c796c525ef930c43adaf,2453606
VIDEO_RGB/backhand/p30_backhand_s2.avi,https://raw.githubusercontent.com/THETIS-dataset/dataset/main/VIDEO_RGB/backhand/p30_backhand_s2.avi,p30_backhand_s2.avi,p30,30,beginner,0,backhand,2,backhand,VIDEO_RGB,1,,c45e82bace6d5edc18534bf7aa615ef8a2424c84,2502144
VIDEO_RGB/backhand/p30_backhand_s3.avi,https://raw.githubusercontent.com/THETIS-dataset/dataset/main/VIDEO_RGB/backhand/p30_backhand_s3.avi,p30_backhand_s3.avi,p30,30,beginner,0,backhand,3,backhand,VIDEO_RGB,1,,97601981a3e9daffa4b8bbc57b192e6ef4c6a154,2785128
VIDEO_RGB/backhand/p31_backhand_s1.avi,https://raw.githubusercontent.com/THETIS-dataset/dataset/main/VIDEO_RGB/backhand/p31_backhand_s1.avi,p31_backhand_s1.avi,p31,31,beginner,0,backhand,1,backhand,VIDEO_RGB,1,,5606cca5894dbb699e2ac0ddbe4c3c41cf67f3c0,1639060
VIDEO_RGB/backhand/p31_backhand_s2.avi,https://raw.githubusercontent.com/THETIS-dataset/dataset/main/VIDEO_RGB/backhand/p31_backhand_s2.avi,p31_backhand_s2.avi,p31,31,beginner,0,backhand,2,backhand,VIDEO_RGB,1,,74aa0c2f7f3ffc25350f35aea3a04de1ac086036,1795944
VIDEO_RGB/backhand/p31_backhand_s3.avi,https://raw.githubusercontent.com/THETIS-dataset/dataset/main/VIDEO_RGB/backhand/p31_backhand_s3.avi,p31_backhand_s3.avi,p31,31,beginner,0,backhand,3,backhand,VIDEO_RGB,1,,e3142d69babc301c5d1ff46093a30bb06660a3b4,2160554
VIDEO_RGB/backhand/p32_backhand_s1.avi,https://raw.githubusercontent.com/THETIS-dataset/dataset/main/VIDEO_RGB/backhand/p32_backhand_s1.avi,p32_backhand_s1.avi,p32,32,expert,1,backhand,1,backhand,VIDEO_RGB,1,,404e55e2daf7252064867fb13301c7832b2ca35b,651084
VIDEO_RGB/backhand/p32_backhand_s2.avi,https://raw.githubusercontent.com/THETIS-dataset/dataset/main/VIDEO_RGB/backhand/p32_backhand_s2.avi,p32_backhand_s2.avi,p32,32,expert,1,backhand,2,backhand,VIDEO_RGB,1,,2a27ceccfff2fca17eb6014407c45fde898e5de3,655144
VIDEO_RGB/backhand/p32_backhand_s3.avi,https://raw.githubusercontent.com/THETIS-dataset/dataset/main/VIDEO_RGB/backhand/p32_backhand_s3.avi,p32_backhand_s3.avi,p32,32,expert,1,backhand,3,backhand,VIDEO_RGB,1,,8500618ac58a7630c2d6dc5fdb56a510d88af7c3,766762
VIDEO_RGB/backhand/p33_backhand_s1.avi,https://raw.githubusercontent.com/THETIS-dataset/dataset/main/VIDEO_RGB/backhand/p33_backhand_s1.avi,p33_backhand_s1.avi,p33,33,expert,1,backhand,1,backhand,VIDEO_RGB,1,,ea1386682003bbd232cd54bdbe4044f7059eff39,1139956
VIDEO_RGB/backhand/p33_backhand_s2.avi,https://raw.githubusercontent.com/THETIS-dataset/dataset/main/VIDEO_RGB/backhand/p33_backhand_s2.avi,p33_backhand_s2.avi,p33,33,expert,1,backhand,2,backhand,VIDEO_RGB,1,,e74b77ccd993e4d27ffcf166902bc5bee94c75fa,960786
VIDEO_RGB/backhand/p33_backhand_s3.avi,https://raw.githubusercontent.com/THETIS-dataset/dataset/main/VIDEO_RGB/backhand/p33_backhand_s3.avi,p33_backhand_s3.avi,p33,33,expert,1,backhand,3,backhand,VIDEO_RGB,1,,90866d0c2307836f8520e7767e9c9b5717a42111,1218008
VIDEO_RGB/backhand/p34_backhand_s1.avi,https://raw.githubusercontent.com/THETIS-dataset/dataset/main/VIDEO_RGB/backhand/p34_backhand_s1.avi,p34_backhand_s1.avi,p34,34,expert,1,backhand,1,backhand,VIDEO_RGB,1,,3b75e5b18ebf2163f027648c54997348bc0d80be,1583606
VIDEO_RGB/backhand/p34_backhand_s2.avi,https://raw.githubusercontent.com/THETIS-dataset/dataset/main/VIDEO_RGB/backhand/p34_backhand_s2.avi,p34_backhand_s2.avi,p34,34,expert,1,backhand,2,backhand,VIDEO_RGB,1,,b9afb37e6656f3cd9348113cf4a4e453e41b15de,1385882
VIDEO_RGB/backhand/p34_backhand_s3.avi,https://raw.githubusercontent.com/THETIS-dataset/dataset/main/VIDEO_RGB/backhand/p34_backhand_s3.avi,p34_backhand_s3.avi,p34,34,expert,1,backhand,3,backhand,VIDEO_RGB,1,,78e94972b9e6d0693977526137a4d2b807b110a5,1581272
VIDEO_RGB/backhand/p35_backhand_s1.avi,https://raw.githubusercontent.com/THETIS-dataset/dataset/main/VIDEO_RGB/backhand/p35_backhand_s1.avi,p35_backhand_s1.avi,p35,35,expert,1,backhand,1,backhand,VIDEO_RGB,1,,968a0af8da2579539a99bc81b1888db11d63ddb0,1368486
VIDEO_RGB/backhand/p35_backhand_s2.avi,https://raw.githubusercontent.com/THETIS-dataset/dataset/main/VIDEO_RGB/backhand/p35_backhand_s2.avi,p35_backhand_s2.avi,p35,35,expert,1,backhand,2,backhand,VIDEO_RGB,1,,c01a8c66dcdc7821f700ac691648e85943994cf1,1107996
VIDEO_RGB/backhand/p35_backhand_s3.avi,https://raw.githubusercontent.com/THETIS-dataset/dataset/main/VIDEO_RGB/backhand/p35_backhand_s3.avi,p35_backhand_s3.avi,p35,35,expert,1,backhand,3,backhand,VIDEO_RGB,1,,06110c9b16568fb93db5f7dbb46db92aa98b0088,1540558
VIDEO_RGB/backhand/p36_backhand_s1.avi,https://raw.githubusercontent.com/THETIS-dataset/dataset/main/VIDEO_RGB/backhand/p36_backhand_s1.avi,p36_backhand_s1.avi,p36,36,expert,1,backhand,1,backhand,VIDEO_RGB,1,,d89198a2c95a30af8dd3c613d650cb33cac7e77b,1432896
VIDEO_RGB/backhand/p36_backhand_s2.avi,https://raw.githubusercontent.com/THETIS-dataset/dataset/main/VIDEO_RGB/backhand/p36_backhand_s2.avi,p36_backhand_s2.avi,p36,36,expert,1,backhand,2,backhand,VIDEO_RGB,1,,f879b18086e636485cafc04f6421a32a56126a7f,1327850
VIDEO_RGB/backhand/p36_backhand_s3.avi,https://raw.githubusercontent.com/THETIS-dataset/dataset/main/VIDEO_RGB/backhand/p36_backhand_s3.avi,p36_backhand_s3.avi,p36,36,expert,1,backhand,3,backhand,VIDEO_RGB,1,,263e4a14a7f30d77f9a9ef514aa4639b86b587f3,1315262
VIDEO_RGB/backhand/p37_backhand_s1.avi,https://raw.githubusercontent.com/THETIS-dataset/dataset/main/VIDEO_RGB/backhand/p37_backhand_s1.avi,p37_backhand_s1.avi,p37,37,expert,1,backhand,1,backhand,VIDEO_RGB,1,,b0f933044f5cd9f3752a6528b1dfb5aba07b2549,1893798
VIDEO_RGB/backhand/p37_backhand_s2.avi,https://raw.githubusercontent.com/THETIS-dataset/dataset/main/VIDEO_RGB/backhand/p37_backhand_s2.avi,p37_backhand_s2.avi,p37,37,expert,1,backhand,2,backhand,VIDEO_RGB,1,,3f619b1d0beec12d80950699063a72e30f17ccf0,1616968
VIDEO_RGB/backhand/p37_backhand_s3.avi,https://raw.githubusercontent.com/THETIS-dataset/dataset/main/VIDEO_RGB/backhand/p37_backhand_s3.avi,p37_backhand_s3.avi,p37,37,expert,1,backhand,3,backhand,VIDEO_RGB,1,,e9800274d1eab8ac285b13e520f8a1dda5b18d21,1580736
VIDEO_RGB/backhand/p38_backhand_s1.avi,https://raw.githubusercontent.com/THETIS-dataset/dataset/main/VIDEO_RGB/backhand/p38_backhand_s1.avi,p38_backhand_s1.avi,p38,38,expert,1,backhand,1,backhand,VIDEO_RGB,1,,1b1354c682f038fb2e39ebbf53d47376e79f60ae,1698332
VIDEO_RGB/backhand/p38_backhand_s2.avi,https://raw.githubusercontent.com/THETIS-dataset/dataset/main/VIDEO_RGB/backhand/p38_backhand_s2.avi,p38_backhand_s2.avi,p38,38,expert,1,backhand,2,backhand,VIDEO_RGB,1,,620f88d6e423121395ea9edd7615390bd697d5f5,1732902
VIDEO_RGB/backhand/p38_backhand_s3.avi,https://raw.githubusercontent.com/THETIS-dataset/dataset/main/VIDEO_RGB/backhand/p38_backhand_s3.avi,p38_backhand_s3.avi,p38,38,expert,1,backhand,3,backhand,VIDEO_RGB,1,,66b80e45d5bbdc980367d05e52c0016e40d98631,1797432
VIDEO_RGB/backhand/p39_backhand_s1.avi,https://raw.githubusercontent.com/THETIS-dataset/dataset/main/VIDEO_RGB/backhand/p39_backhand_s1.avi,p39_backhand_s1.avi,p39,39,expert,1,backhand,1,backhand,VIDEO_RGB,1,,d0960a56891da89db8650ae6c07d3ec87f32c656,1305828
VIDEO_RGB/backhand/p39_backhand_s2.avi,https://raw.githubusercontent.com/THETIS-dataset/dataset/main/VIDEO_RGB/backhand/p39_backhand_s2.avi,p39_backhand_s2.avi,p39,39,expert,1,backhand,2,backhand,VIDEO_RGB,1,,0b2d64f5971ece57232665834f2dfb2c1945d27f,1577496
VIDEO_RGB/backhand/p39_backhand_s3.avi,https://raw.githubusercontent.com/THETIS-dataset/dataset/main/VIDEO_RGB/backhand/p39_backhand_s3.avi,p39_backhand_s3.avi,p39,39,expert,1,backhand,3,backhand,VIDEO_RGB,1,,7984761b2ccc7fa2e433ff03ea68cd5d0198c858,1908624
VIDEO_RGB/backhand/p40_backhand_s1.avi,https://raw.githubusercontent.com/THETIS-dataset/dataset/main/VIDEO_RGB/backhand/p40_backhand_s1.avi,p40_backhand_s1.avi,p40,40,expert,1,backhand,1,backhand,VIDEO_RGB,1,,d93c7924f64075ac63ea5dd65d0aceada686de40,1666654
VIDEO_RGB/backhand/p40_backhand_s2.avi,https://raw.githubusercontent.com/THETIS-dataset/dataset/main/VIDEO_RGB/backhand/p40_backhand_s2.avi,p40_backhand_s2.avi,p40,40,expert,1,backhand,2,backhand,VIDEO_RGB,1,,808f9e86db28ce98db8d8dfbd17fac5849bdf468,1448956
VIDEO_RGB/backhand/p40_backhand_s3.avi,https://raw.githubusercontent.com/THETIS-dataset/dataset/main/VIDEO_RGB/backhand/p40_backhand_s3.avi,p40_backhand_s3.avi,p40,40,expert,1,backhand,3,backhand,VIDEO_RGB,1,,7dcabf551429655f87252e39b8b17f39e6c26197,1474890
VIDEO_RGB/backhand/p41_backhand_s1.avi,https://raw.githubusercontent.com/THETIS-dataset/dataset/main/VIDEO_RGB/backhand/p41_backhand_s1.avi,p41_backhand_s1.avi,p41,41,expert,1,backhand,1,backhand,VIDEO_RGB,1,,c6bb6c6d813ee87e2ab0aba9078c8c87e2fa3251,1705932
VIDEO_RGB/backhand/p41_backhand_s2.avi,https://raw.githubusercontent.com/THETIS-dataset/dataset/main/VIDEO_RGB/backhand/p41_backhand_s2.avi,p41_backhand_s2.avi,p41,41,expert,1,backhand,2,backhand,VIDEO_RGB,1,,d3cadf6b80e173ecc019e3a590d9a76116639942,1490290
VIDEO_RGB/backhand/p41_backhand_s3.avi,https://raw.githubusercontent.com/THETIS-dataset/dataset/main/VIDEO_RGB/backhand/p41_backhand_s3.avi,p41_backhand_s3.avi,p41,41,expert,1,backhand,3,backhand,VIDEO_RGB,1,,5fe766c730122da400e992f9256fa3a56a69f3e2,1414100
VIDEO_RGB/backhand/p42_backhand_s1.avi,https://raw.githubusercontent.com/THETIS-dataset/dataset/main/VIDEO_RGB/backhand/p42_backhand_s1.avi,p42_backhand_s1.avi,p42,42,expert,1,backhand,1,backhand,VIDEO_RGB,1,,416ed62cda2e7ea8f4d724ae3e1785c607fcf747,1511310
VIDEO_RGB/backhand/p42_backhand_s2.avi,https://raw.githubusercontent.com/THETIS-dataset/dataset/main/VIDEO_RGB/backhand/p42_backhand_s2.avi,p42_backhand_s2.avi,p42,42,expert,1,backhand,2,backhand,VIDEO_RGB,1,,86775f7a8c38055624881e55ad71c6128a20b66f,1820262
VIDEO_RGB/backhand/p42_backhand_s3.avi,https://raw.githubusercontent.com/THETIS-dataset/dataset/main/VIDEO_RGB/backhand/p42_backhand_s3.avi,p42_backhand_s3.avi,p42,42,expert,1,backhand,3,backhand,VIDEO_RGB,1,,b09c1fc156d63e65420164eeed987a3d4915321a,2316100
VIDEO_RGB/backhand/p43_backhand_s1.avi,https://raw.githubusercontent.com/THETIS-dataset/dataset/main/VIDEO_RGB/backhand/p43_backhand_s1.avi,p43_backhand_s1.avi,p43,43,expert,1,backhand,1,backhand,VIDEO_RGB,1,,fcd116b62c5e08770e7faf751e2f8b11e9c7b3e3,1999578
VIDEO_RGB/backhand/p43_backhand_s2.avi,https://raw.githubusercontent.com/THETIS-dataset/dataset/main/VIDEO_RGB/backhand/p43_backhand_s2.avi,p43_backhand_s2.avi,p43,43,expert,1,backhand,2,backhand,VIDEO_RGB,1,,aaa76c2581056e57343ed649510d7972c758ae8e,2167818
VIDEO_RGB/backhand/p43_backhand_s3.avi,https://raw.githubusercontent.com/THETIS-dataset/dataset/main/VIDEO_RGB/backhand/p43_backhand_s3.avi,p43_backhand_s3.avi,p43,43,expert,1,backhand,3,backhand,VIDEO_RGB,1,,3315724065407b497b3cdfb4f003a154fd43165d,2086936
VIDEO_RGB/backhand/p44_backhand_s1.avi,https://raw.githubusercontent.com/THETIS-dataset/dataset/main/VIDEO_RGB/backhand/p44_backhand_s1.avi,p44_backhand_s1.avi,p44,44,expert,1,backhand,1,backhand,VIDEO_RGB,1,,dbad2c7c23a019570f0c1815673c4b1bd8c432b2,1883738
VIDEO_RGB/backhand/p44_backhand_s2.avi,https://raw.githubusercontent.com/THETIS-dataset/dataset/main/VIDEO_RGB/backhand/p44_backhand_s2.avi,p44_backhand_s2.avi,p44,44,expert,1,backhand,2,backhand,VIDEO_RGB,1,,4e2a11359422e4c319359b4ecf9bd9d9a3bdcba5,2061120
VIDEO_RGB/backhand/p44_backhand_s3.avi,https://raw.githubusercontent.com/THETIS-dataset/dataset/main/VIDEO_RGB/backhand/p44_backhand_s3.avi,p44_backhand_s3.avi,p44,44,expert,1,backhand,3,backhand,VIDEO_RGB,1,,070ce439e01207105ca4f4fd16d3f4540a9fbff3,2176182
VIDEO_RGB/backhand/p45_backhand_s1.avi,https://raw.githubusercontent.com/THETIS-dataset/dataset/main/VIDEO_RGB/backhand/p45_backhand_s1.avi,p45_backhand_s1.avi,p45,45,expert,1,backhand,1,backhand,VIDEO_RGB,1,,12545f6e22af27d50002d4c7357914fcca55b345,1569036
VIDEO_RGB/backhand/p45_backhand_s2.avi,https://raw.githubusercontent.com/THETIS-dataset/dataset/main/VIDEO_RGB/backhand/p45_backhand_s2.avi,p45_backhand_s2.avi,p45,45,expert,1,backhand,2,backhand,VIDEO_RGB,1,,5269a865884c92f341ce0984060eb50a69cd9acf,1177216
VIDEO_RGB/backhand/p45_backhand_s3.avi,https://raw.githubusercontent.com/THETIS-dataset/dataset/main/VIDEO_RGB/backhand/p45_backhand_s3.avi,p45_backhand_s3.avi,p45,45,expert,1,backhand,3,backhand,VIDEO_RGB,1,,7d53e740c3e8ba0140bc1785870a53eaea3d53df,1437280
VIDEO_RGB/backhand/p46_backhand_s1.avi,https://raw.githubusercontent.com/THETIS-dataset/dataset/main/VIDEO_RGB/backhand/p46_backhand_s1.avi,p46_backhand_s1.avi,p46,46,expert,1,backhand,1,backhand,VIDEO_RGB,1,,10e2a78eb2153465c7fb5d1f90026b1a39487e23,1690002
VIDEO_RGB/backhand/p46_backhand_s2.avi,https://raw.githubusercontent.com/THETIS-dataset/dataset/main/VIDEO_RGB/backhand/p46_backhand_s2.avi,p46_backhand_s2.avi,p46,46,expert,1,backhand,2,backhand,VIDEO_RGB,1,,f4d66c6b14de83075ab7f75115c37879571955da,1706464
VIDEO_RGB/backhand/p46_backhand_s3.avi,https://raw.githubusercontent.com/THETIS-dataset/dataset/main/VIDEO_RGB/backhand/p46_backhand_s3.avi,p46_backhand_s3.avi,p46,46,expert,1,backhand,3,backhand,VIDEO_RGB,1,,06573c3a09c74c0376237db6cef4867ae36f3343,1737028
VIDEO_RGB/backhand/p47_backhand_s1.avi,https://raw.githubusercontent.com/THETIS-dataset/dataset/main/VIDEO_RGB/backhand/p47_backhand_s1.avi,p47_backhand_s1.avi,p47,47,expert,1,backhand,1,backhand,VIDEO_RGB,1,,0d232e05a2b05eab33987d55d10cab01bd2307a9,3095222
VIDEO_RGB/backhand/p47_backhand_s2.avi,https://raw.githubusercontent.com/THETIS-dataset/dataset/main/VIDEO_RGB/backhand/p47_backhand_s2.avi,p47_backhand_s2.avi,p47,47,expert,1,backhand,2,backhand,VIDEO_RGB,1,,263798414426761c206ed1834742f7d0aec4c809,2603346
VIDEO_RGB/backhand/p47_backhand_s3.avi,https://raw.githubusercontent.com/THETIS-dataset/dataset/main/VIDEO_RGB/backhand/p47_backhand_s3.avi,p47_backhand_s3.avi,p47,47,expert,1,backhand,3,backhand,VIDEO_RGB,1,,263798414426761c206ed1834742f7d0aec4c809,2603346
VIDEO_RGB/backhand/p48_backhand_s1.avi,https://raw.githubusercontent.com/THETIS-dataset/dataset/main/VIDEO_RGB/backhand/p48_backhand_s1.avi,p48_backhand_s1.avi,p48,48,expert,1,backhand,1,backhand,VIDEO_RGB,1,,bb5c7c0112bf02d20205e1e93abdfc7dba563769,2783426
VIDEO_RGB/backhand/p48_backhand_s2.avi,https://raw.githubusercontent.com/THETIS-dataset/dataset/main/VIDEO_RGB/backhand/p48_backhand_s2.avi,p48_backhand_s2.avi,p48,48,expert,1,backhand,2,backhand,VIDEO_RGB,1,,26a2dd0d49853b843f8c6b3520ceca2350d3a876,2189594
VIDEO_RGB/backhand/p48_backhand_s3.avi,https://raw.githubusercontent.com/THETIS-dataset/dataset/main/VIDEO_RGB/backhand/p48_backhand_s3.avi,p48_backhand_s3.avi,p48,48,expert,1,backhand,3,backhand,VIDEO_RGB,1,,060709486de04f12e0e2b1020e0b7230b7a7ffc3,2995960
VIDEO_RGB/backhand/p49_backhand_s1.avi,https://raw.githubusercontent.com/THETIS-dataset/dataset/main/VIDEO_RGB/backhand/p49_backhand_s1.avi,p49_backhand_s1.avi,p49,49,expert,1,backhand,1,backhand,VIDEO_RGB,1,,efc56429305a4e877c9fb479521239149f3648cf,3538488
VIDEO_RGB/backhand/p49_backhand_s2.avi,https://raw.githubusercontent.com/THETIS-dataset/dataset/main/VIDEO_RGB/backhand/p49_backhand_s2.avi,p49_backhand_s2.avi,p49,49,expert,1,backhand,2,backhand,VIDEO_RGB,1,,66be5db42db325d02cb8eb779cf5353bf97b77dc,2815042
VIDEO_RGB/backhand/p49_backhand_s3.avi,https://raw.githubusercontent.com/THETIS-dataset/dataset/main/VIDEO_RGB/backhand/p49_backhand_s3.avi,p49_backhand_s3.avi,p49,49,expert,1,backhand,3,backhand,VIDEO_RGB,1,,257d9777361ff86a017a4bc0a83f839e371c8338,2032072
VIDEO_RGB/backhand/p50_backhand_s1.avi,https://raw.githubusercontent.com/THETIS-dataset/dataset/main/VIDEO_RGB/backhand/p50_backhand_s1.avi,p50_backhand_s1.avi,p50,50,expert,1,backhand,1,backhand,VIDEO_RGB,1,,c47aff1b217b40a2d448c226b12055b3a263346f,3482778
VIDEO_RGB/backhand/p50_backhand_s2.avi,https://raw.githubusercontent.com/THETIS-dataset/dataset/main/VIDEO_RGB/backhand/p50_backhand_s2.avi,p50_backhand_s2.avi,p50,50,expert,1,backhand,2,backhand,VIDEO_RGB,1,,228b48966828255aff63e7dc046366f601d43abc,3364874
VIDEO_RGB/backhand/p50_backhand_s3.avi,https://raw.githubusercontent.com/THETIS-dataset/dataset/main/VIDEO_RGB/backhand/p50_backhand_s3.avi,p50_backhand_s3.avi,p50,50,expert,1,backhand,3,backhand,VIDEO_RGB,1,,f26054679d42582f2485f5c041291bbea0240afa,3522914
VIDEO_RGB/backhand/p51_backhand_s1.avi,https://raw.githubusercontent.com/THETIS-dataset/dataset/main/VIDEO_RGB/backhand/p51_backhand_s1.avi,p51_backhand_s1.avi,p51,51,expert,1,backhand,1,backhand,VIDEO_RGB,1,,84f45525f3602542a2adfe763a34a982149b8191,4762442
VIDEO_RGB/backhand/p51_backhand_s2.avi,https://raw.githubusercontent.com/THETIS-dataset/dataset/main/VIDEO_RGB/backhand/p51_backhand_s2.avi,p51_backhand_s2.avi,p51,51,expert,1,backhand,2,backhand,VIDEO_RGB,1,,ae71bba2d37cabb7b61e04d6f9ce1eedca615c6d,4534724
VIDEO_RGB/backhand/p51_backhand_s3.avi,https://raw.githubusercontent.com/THETIS-dataset/dataset/main/VIDEO_RGB/backhand/p51_backhand_s3.avi,p51_backhand_s3.avi,p51,51,expert,1,backhand,3,backhand,VIDEO_RGB,1,,020062d284f3a3f9a8be90854a95d0de9332422e,4784224
VIDEO_RGB/backhand/p52_backhand_s1.avi,https://raw.githubusercontent.com/THETIS-dataset/dataset/main/VIDEO_RGB/backhand/p52_backhand_s1.avi,p52_backhand_s1.avi,p52,52,expert,1,backhand,1,backhand,VIDEO_RGB,1,,df1831153f398cf82d47bb6408bfd9ebf759ef8e,1831224
VIDEO_RGB/backhand/p52_backhand_s2.avi,https://raw.githubusercontent.com/THETIS-dataset/dataset/main/VIDEO_RGB/backhand/p52_backhand_s2.avi,p52_backhand_s2.avi,p52,52,expert,1,backhand,2,backhand,VIDEO_RGB,1,,b60b81e5cbdbc40cb877a0f16cdbc4ebe01a416c,2312774
VIDEO_RGB/backhand/p52_backhand_s3.avi,https://raw.githubusercontent.com/THETIS-dataset/dataset/main/VIDEO_RGB/backhand/p52_backhand_s3.avi,p52_backhand_s3.avi,p52,52,expert,1,backhand,3,backhand,VIDEO_RGB,1,,8a74a556b148f5fb52f0fb1d177c63fb0ccd4269,2345656
VIDEO_RGB/backhand/p53_backhand_s1.avi,https://raw.githubusercontent.com/THETIS-dataset/dataset/main/VIDEO_RGB/backhand/p53_backhand_s1.avi,p53_backhand_s1.avi,p53,53,expert,1,backhand,1,backhand,VIDEO_RGB,1,,8c5f5de11d859404d3e01447c272b14cab5cc45a,3404886
VIDEO_RGB/backhand/p53_backhand_s2.avi,https://raw.githubusercontent.com/THETIS-dataset/dataset/main/VIDEO_RGB/backhand/p53_backhand_s2.avi,p53_backhand_s2.avi,p53,53,expert,1,backhand,2,backhand,VIDEO_RGB,1,,e81fedf8b5beb2823e6dc90aa79911c177f0656b,3028342
VIDEO_RGB/backhand/p53_backhand_s3.avi,https://raw.githubusercontent.com/THETIS-dataset/dataset/main/VIDEO_RGB/backhand/p53_backhand_s3.avi,p53_backhand_s3.avi,p53,53,expert,1,backhand,3,backhand,VIDEO_RGB,1,,c9bf31734477faae1c8c5f728e2ed492e94220cd,2755840
VIDEO_RGB/backhand/p54_backhand_s1.avi,https://raw.githubusercontent.com/THETIS-dataset/dataset/main/VIDEO_RGB/backhand/p54_backhand_s1.avi,p54_backhand_s1.avi,p54,54,expert,1,backhand,1,backhand,VIDEO_RGB,1,,66cc884b4ac95ab62ad2dfa8d13a4a648827f9c7,3177792
VIDEO_RGB/backhand/p54_backhand_s2.avi,https://raw.githubusercontent.com/THETIS-dataset/dataset/main/VIDEO_RGB/backhand/p54_backhand_s2.avi,p54_backhand_s2.avi,p54,54,expert,1,backhand,2,backhand,VIDEO_RGB,1,,1beebf9a279135501fdfdc3b718b9251e24e5524,3307446
VIDEO_RGB/backhand/p54_backhand_s3.avi,https://raw.githubusercontent.com/THETIS-dataset/dataset/main/VIDEO_RGB/backhand/p54_backhand_s3.avi,p54_backhand_s3.avi,p54,54,expert,1,backhand,3,backhand,VIDEO_RGB,1,,61ba1172621bbf080b382e3d42e9e98822e3e6e3,3685766
VIDEO_RGB/backhand/p55_backhand_s1.avi,https://raw.githubusercontent.com/THETIS-dataset/dataset/main/VIDEO_RGB/backhand/p55_backhand_s1.avi,p55_backhand_s1.avi,p55,55,expert,1,backhand,1,backhand,VIDEO_RGB,1,,c69103d40e769ca6b49908d77dec1f835850166c,1245794
VIDEO_RGB/backhand/p55_backhand_s2.avi,https://raw.githubusercontent.com/THETIS-dataset/dataset/main/VIDEO_RGB/backhand/p55_backhand_s2.avi,p55_backhand_s2.avi,p55,55,expert,1,backhand,2,backhand,VIDEO_RGB,1,,a67c23409faa040595e0f696eef3c94ae0a4f818,1668232
VIDEO_RGB/backhand/p55_backhand_s3.avi,https://raw.githubusercontent.com/THETIS-dataset/dataset/main/VIDEO_RGB/backhand/p55_backhand_s3.avi,p55_backhand_s3.avi,p55,55,expert,1,backhand,3,backhand,VIDEO_RGB,1,,c802b2c583f41c4c65d2136234d7773c123c7423,2223612
VIDEO_RGB/forehand_flat/p1_foreflat_s1.avi,https://raw.githubusercontent.com/THETIS-dataset/dataset/main/VIDEO_RGB/forehand_flat/p1_foreflat_s1.avi,p1_foreflat_s1.avi,p1,1,beginner,0,foreflat,1,forehand_flat,VIDEO_RGB,1,,40baa5da43392b197d0b926e83e6519b3da504f9,1790978
VIDEO_RGB/forehand_flat/p1_foreflat_s2.avi,https://raw.githubusercontent.com/THETIS-dataset/dataset/main/VIDEO_RGB/forehand_flat/p1_foreflat_s2.avi,p1_foreflat_s2.avi,p1,1,beginner,0,foreflat,2,forehand_flat,VIDEO_RGB,1,,7655e4a6a3f11f2a448bdb3f1e35ea179a89eaf8,1866234
VIDEO_RGB/forehand_flat/p1_foreflat_s3.avi,https://raw.githubusercontent.com/THETIS-dataset/dataset/main/VIDEO_RGB/forehand_flat/p1_foreflat_s3.avi,p1_foreflat_s3.avi,p1,1,beginner,0,foreflat,3,forehand_flat,VIDEO_RGB,1,,b448ed1d61f275016f8e4bfe31f3af4aff36dae0,1994908
VIDEO_RGB/forehand_flat/p2_foreflat_s1.avi,https://raw.githubusercontent.com/THETIS-dataset/dataset/main/VIDEO_RGB/forehand_flat/p2_foreflat_s1.avi,p2_foreflat_s1.avi,p2,2,beginner,0,foreflat,1,forehand_flat,VIDEO_RGB,1,,14cd4bbb2cc2a6364c32e476c165127c2dafab85,2026678
VIDEO_RGB/forehand_flat/p2_foreflat_s2.avi,https://raw.githubusercontent.com/THETIS-dataset/dataset/main/VIDEO_RGB/forehand_flat/p2_foreflat_s2.avi,p2_foreflat_s2.avi,p2,2,beginner,0,foreflat,2,forehand_flat,VIDEO_RGB,1,,462c60c7cb32f4e21d874c2592e0042ac45f076e,2010890
VIDEO_RGB/forehand_flat/p2_foreflat_s3.avi,https://raw.githubusercontent.com/THETIS-dataset/dataset/main/VIDEO_RGB/forehand_flat/p2_foreflat_s3.avi,p2_foreflat_s3.avi,p2,2,beginner,0,foreflat,3,forehand_flat,VIDEO_RGB,1,,f54a56a9a85157ebf9f4777d76924f1baafa1761,1817096
VIDEO_RGB/forehand_flat/p3_foreflat_s1.avi,https://raw.githubusercontent.com/THETIS-dataset/dataset/main/VIDEO_RGB/forehand_flat/p3_foreflat_s1.avi,p3_foreflat_s1.avi,p3,3,beginner,0,foreflat,1,forehand_flat,VIDEO_RGB,1,,a724ec542248089ce5ab592b5511ffb196118599,2427278
VIDEO_RGB/forehand_flat/p3_foreflat_s2.avi,https://raw.githubusercontent.com/THETIS-dataset/dataset/main/VIDEO_RGB/forehand_flat/p3_foreflat_s2.avi,p3_foreflat_s2.avi,p3,3,beginner,0,foreflat,2,forehand_flat,VIDEO_RGB,1,,5b7e30e04762278c8588563989530a49db950630,2479276
VIDEO_RGB/forehand_flat/p3_foreflat_s3.avi,https://raw.githubusercontent.com/THETIS-dataset/dataset/main/VIDEO_RGB/forehand_flat/p3_foreflat_s3.avi,p3_foreflat_s3.avi,p3,3,beginner,0,foreflat,3,forehand_flat,VIDEO_RGB,1,,4e6027327b7e77978dafbdbaa6885bdfe3b81123,2277908
VIDEO_RGB/forehand_flat/p4_foreflat_s1.avi,https://raw.githubusercontent.com/THETIS-dataset/dataset/main/VIDEO_RGB/forehand_flat/p4_foreflat_s1.avi,p4_foreflat_s1.avi,p4,4,beginner,0,foreflat,1,forehand_flat,VIDEO_RGB,1,,063d4fb57a9551632493e71de96a44fd102a2b31,2248310
VIDEO_RGB/forehand_flat/p4_foreflat_s2.avi,https://raw.githubusercontent.com/THETIS-dataset/dataset/main/VIDEO_RGB/forehand_flat/p4_foreflat_s2.avi,p4_foreflat_s2.avi,p4,4,beginner,0,foreflat,2,forehand_flat,VIDEO_RGB,1,,ef0a005ea56d7751543adfa9cb7059c116858c33,2125526
VIDEO_RGB/forehand_flat/p4_foreflat_s3.avi,https://raw.githubusercontent.com/THETIS-dataset/dataset/main/VIDEO_RGB/forehand_flat/p4_foreflat_s3.avi,p4_foreflat_s3.avi,p4,4,beginner,0,foreflat,3,forehand_flat,VIDEO_RGB,1,,49316242480f5cb57bd5a7f050439f67cfdb11f5,2308958
VIDEO_RGB/forehand_flat/p5_foreflat_s1.avi,https://raw.githubusercontent.com/THETIS-dataset/dataset/main/VIDEO_RGB/forehand_flat/p5_foreflat_s1.avi,p5_foreflat_s1.avi,p5,5,beginner,0,foreflat,1,forehand_flat,VIDEO_RGB,1,,501387b1790e79cac790b276e8e07df83ff1c7cd,1694312
VIDEO_RGB/forehand_flat/p5_foreflat_s2.avi,https://raw.githubusercontent.com/THETIS-dataset/dataset/main/VIDEO_RGB/forehand_flat/p5_foreflat_s2.avi,p5_foreflat_s2.avi,p5,5,beginner,0,foreflat,2,forehand_flat,VIDEO_RGB,1,,13313d1b1b400f6d0379f3ca0d9e192b1807f3f8,2110936
VIDEO_RGB/forehand_flat/p5_foreflat_s3.avi,https://raw.githubusercontent.com/THETIS-dataset/dataset/main/VIDEO_RGB/forehand_flat/p5_foreflat_s3.avi,p5_foreflat_s3.avi,p5,5,beginner,0,foreflat,3,forehand_flat,VIDEO_RGB,1,,06aa4347154d81966607e692dee6a6ebc052d425,2371814
VIDEO_RGB/forehand_flat/p6_foreflat_s1.avi,https://raw.githubusercontent.com/THETIS-dataset/dataset/main/VIDEO_RGB/forehand_flat/p6_foreflat_s1.avi,p6_foreflat_s1.avi,p6,6,beginner,0,foreflat,1,forehand_flat,VIDEO_RGB,1,,936f49f5a89f7a662552113c1040120926934646,2136930
VIDEO_RGB/forehand_flat/p6_foreflat_s2.avi,https://raw.githubusercontent.com/THETIS-dataset/dataset/main/VIDEO_RGB/forehand_flat/p6_foreflat_s2.avi,p6_foreflat_s2.avi,p6,6,beginner,0,foreflat,2,forehand_flat,VIDEO_RGB,1,,be8308215fc7419d1afc55ec4d1601f1ca055f43,1874210
VIDEO_RGB/forehand_flat/p6_foreflat_s3.avi,https://raw.githubusercontent.com/THETIS-dataset/dataset/main/VIDEO_RGB/forehand_flat/p6_foreflat_s3.avi,p6_foreflat_s3.avi,p6,6,beginner,0,foreflat,3,forehand_flat,VIDEO_RGB,1,,ab6bc93d234f03f506e3eb7a6abda8b63c1882c9,2235528
VIDEO_RGB/forehand_flat/p7_foreflat_s1.avi,https://raw.githubusercontent.com/THETIS-dataset/dataset/main/VIDEO_RGB/forehand_flat/p7_foreflat_s1.avi,p7_foreflat_s1.avi,p7,7,beginner,0,foreflat,1,forehand_flat,VIDEO_RGB,1,,c593ab8f8cc5c237fe0521f5dd25904992775f58,1805094
VIDEO_RGB/forehand_flat/p7_foreflat_s2.avi,https://raw.githubusercontent.com/THETIS-dataset/dataset/main/VIDEO_RGB/forehand_flat/p7_foreflat_s2.avi,p7_foreflat_s2.avi,p7,7,beginner,0,foreflat,2,forehand_flat,VIDEO_RGB,1,,94984531be7624384e7bc0e45951d1bcb1d54df6,1731284
VIDEO_RGB/forehand_flat/p7_foreflat_s3.avi,https://raw.githubusercontent.com/THETIS-dataset/dataset/main/VIDEO_RGB/forehand_flat/p7_foreflat_s3.avi,p7_foreflat_s3.avi,p7,7,beginner,0,foreflat,3,forehand_flat,VIDEO_RGB,1,,86a584903fd47297f22333dcd3e54bd53c1bdb0c,1793434
VIDEO_RGB/forehand_flat/p8_foreflat_s1.avi,https://raw.githubusercontent.com/THETIS-dataset/dataset/main/VIDEO_RGB/forehand_flat/p8_foreflat_s1.avi,p8_foreflat_s1.avi,p8,8,beginner,0,foreflat,1,forehand_flat,VIDEO_RGB,1,,868dd277b15dc6cd03c6544bb25e0cc0721e5a2b,1893484
VIDEO_RGB/forehand_flat/p8_foreflat_s2.avi,https://raw.githubusercontent.com/THETIS-dataset/dataset/main/VIDEO_RGB/forehand_flat/p8_foreflat_s2.avi,p8_foreflat_s2.avi,p8,8,beginner,0,foreflat,2,forehand_flat,VIDEO_RGB,1,,b75bcbed5e5b4e816163727a5abab82c1ac6023c,1514734
VIDEO_RGB/forehand_flat/p8_foreflat_s3.avi,https://raw.githubusercontent.com/THETIS-dataset/dataset/main/VIDEO_RGB/forehand_flat/p8_foreflat_s3.avi,p8_foreflat_s3.avi,p8,8,beginner,0,foreflat,3,forehand_flat,VIDEO_RGB,1,,6419e007b2159c2fd8eb071c12055e5d65c36761,1449370
VIDEO_RGB/forehand_flat/p9_foreflat_s1.avi,https://raw.githubusercontent.com/THETIS-dataset/dataset/main/VIDEO_RGB/forehand_flat/p9_foreflat_s1.avi,p9_foreflat_s1.avi,p9,9,beginner,0,foreflat,1,forehand_flat,VIDEO_RGB,1,,aa6d9cc7e19c90b751b573f671a7567f254a7523,2662246
VIDEO_RGB/forehand_flat/p9_foreflat_s2.avi,https://raw.githubusercontent.com/THETIS-dataset/dataset/main/VIDEO_RGB/forehand_flat/p9_foreflat_s2.avi,p9_foreflat_s2.avi,p9,9,beginner,0,foreflat,2,forehand_flat,VIDEO_RGB,1,,4512d01f9ab200ce1652ab297de12131dc8fa78f,2314176
VIDEO_RGB/forehand_flat/p9_foreflat_s3.avi,https://raw.githubusercontent.com/THETIS-dataset/dataset/main/VIDEO_RGB/forehand_flat/p9_foreflat_s3.avi,p9_foreflat_s3.avi,p9,9,beginner,0,foreflat,3,forehand_flat,VIDEO_RGB,1,,9da63089ab3e5bbccc25625db70832d6dad3a4cb,3009376
VIDEO_RGB/forehand_flat/p10_foreflat_s1.avi,https://raw.githubusercontent.com/THETIS-dataset/dataset/main/VIDEO_RGB/forehand_flat/p10_foreflat_s1.avi,p10_foreflat_s1.avi,p10,10,beginner,0,foreflat,1,forehand_flat,VIDEO_RGB,1,,552f5c9ad88c03515cb2a098639ee747e1f57614,1932164
VIDEO_RGB/forehand_flat/p10_foreflat_s2.avi,https://raw.githubusercontent.com/THETIS-dataset/dataset/main/VIDEO_RGB/forehand_flat/p10_foreflat_s2.avi,p10_foreflat_s2.avi,p10,10,beginner,0,foreflat,2,forehand_flat,VIDEO_RGB,1,,3ff41530e9d4daa502ed6c68e748b5b916bc4810,1889144
VIDEO_RGB/forehand_flat/p10_foreflat_s3.avi,https://raw.githubusercontent.com/THETIS-dataset/dataset/main/VIDEO_RGB/forehand_flat/p10_foreflat_s3.avi,p10_foreflat_s3.avi,p10,10,beginner,0,foreflat,3,forehand_flat,VIDEO_RGB,1,,aa1c5f0c6f524d74ce1f446fb27d88ef3cd34ceb,2036744
VIDEO_RGB/forehand_flat/p11_foreflat_s1.avi,https://raw.githubusercontent.com/THETIS-dataset/dataset/main/VIDEO_RGB/forehand_flat/p11_foreflat_s1.avi,p11_foreflat_s1.avi,p11,11,beginner,0,foreflat,1,forehand_flat,VIDEO_RGB,1,,8c61a7dfa06aa61583c4dd4dd6f5cb03a5ed0fad,2138026
VIDEO_RGB/forehand_flat/p11_foreflat_s2.avi,https://raw.githubusercontent.com/THETIS-dataset/dataset/main/VIDEO_RGB/forehand_flat/p11_foreflat_s2.avi,p11_foreflat_s2.avi,p11,11,beginner,0,foreflat,2,forehand_flat,VIDEO_RGB,1,,43ac47d6f48e85731674c62f6d4b8ca515e814dd,1933300
VIDEO_RGB/forehand_flat/p11_foreflat_s3.avi,https://raw.githubusercontent.com/THETIS-dataset/dataset/main/VIDEO_RGB/forehand_flat/p11_foreflat_s3.avi,p11_foreflat_s3.avi,p11,11,beginner,0,foreflat,3,forehand_flat,VIDEO_RGB,1,,9c6037dbdfc707beaa57ab5b1dd64457d82c231c,2050026
VIDEO_RGB/forehand_flat/p12_foreflat_s1.avi,https://raw.githubusercontent.com/THETIS-dataset/dataset/main/VIDEO_RGB/forehand_flat/p12_foreflat_s1.avi,p12_foreflat_s1.avi,p12,12,beginner,0,foreflat,1,forehand_flat,VIDEO_RGB,1,,ab8a609c07678aeb86fb5fbf8a2a5a519d4d3d3e,1720204
VIDEO_RGB/forehand_flat/p12_foreflat_s2.avi,https://raw.githubusercontent.com/THETIS-dataset/dataset/main/VIDEO_RGB/forehand_flat/p12_foreflat_s2.avi,p12_foreflat_s2.avi,p12,12,beginner,0,foreflat,2,forehand_flat,VIDEO_RGB,1,,bc686d6b4f21b157c1457dc7144227dfdf5678ec,1779952
VIDEO_RGB/forehand_flat/p12_foreflat_s3.avi,https://raw.githubusercontent.com/THETIS-dataset/dataset/main/VIDEO_RGB/forehand_flat/p12_foreflat_s3.avi,p12_foreflat_s3.avi,p12,12,beginner,0,foreflat,3,forehand_flat,VIDEO_RGB,1,,4b41ca6b777a51bba9c56a58781a63989612f67f,1869776
VIDEO_RGB/forehand_flat/p13_foreflat_s1.avi,https://raw.githubusercontent.com/THETIS-dataset/dataset/main/VIDEO_RGB/forehand_flat/p13_foreflat_s1.avi,p13_foreflat_s1.avi,p13,13,beginner,0,foreflat,1,forehand_flat,VIDEO_RGB,1,,0fe1e225bffdfaf9e04421ba0157a46ae255e083,1560906
VIDEO_RGB/forehand_flat/p13_foreflat_s2.avi,https://raw.githubusercontent.com/THETIS-dataset/dataset/main/VIDEO_RGB/forehand_flat/p13_foreflat_s2.avi,p13_foreflat_s2.avi,p13,13,beginner,0,foreflat,2,forehand_flat,VIDEO_RGB,1,,7b05b552117eaa0f640eac56701995ce0ab9b3ee,2203694
VIDEO_RGB/forehand_flat/p13_foreflat_s3.avi,https://raw.githubusercontent.com/THETIS-dataset/dataset/main/VIDEO_RGB/forehand_flat/p13_foreflat_s3.avi,p13_foreflat_s3.avi,p13,13,beginner,0,foreflat,3,forehand_flat,VIDEO_RGB,1,,7b05b552117eaa0f640eac56701995ce0ab9b3ee,2203694
VIDEO_RGB/forehand_flat/p14_foreflat_s1.avi,https://raw.githubusercontent.com/THETIS-dataset/dataset/main/VIDEO_RGB/forehand_flat/p14_foreflat_s1.avi,p14_foreflat_s1.avi,p14,14,beginner,0,foreflat,1,forehand_flat,VIDEO_RGB,1,,eadb6424a8069dd94d7ebbd5ce25f7165ef9c763,1602938
VIDEO_RGB/forehand_flat/p14_foreflat_s2.avi,https://raw.githubusercontent.com/THETIS-dataset/dataset/main/VIDEO_RGB/forehand_flat/p14_foreflat_s2.avi,p14_foreflat_s2.avi,p14,14,beginner,0,foreflat,2,forehand_flat,VIDEO_RGB,1,,ce0df0c36ef7f322747c22ea924034b3832b36eb,1605800
VIDEO_RGB/forehand_flat/p14_foreflat_s3.avi,https://raw.githubusercontent.com/THETIS-dataset/dataset/main/VIDEO_RGB/forehand_flat/p14_foreflat_s3.avi,p14_foreflat_s3.avi,p14,14,beginner,0,foreflat,3,forehand_flat,VIDEO_RGB,1,,9a810b5983701843fdd5831406e5fca7a6b2512f,1814920
VIDEO_RGB/forehand_flat/p15_foreflat_s1.avi,https://raw.githubusercontent.com/THETIS-dataset/dataset/main/VIDEO_RGB/forehand_flat/p15_foreflat_s1.avi,p15_foreflat_s1.avi,p15,15,beginner,0,foreflat,1,forehand_flat,VIDEO_RGB,1,,9273e9b131c12f84d66adee20e0076b1378b624c,1756042
VIDEO_RGB/forehand_flat/p15_foreflat_s2.avi,https://raw.githubusercontent.com/THETIS-dataset/dataset/main/VIDEO_RGB/forehand_flat/p15_foreflat_s2.avi,p15_foreflat_s2.avi,p15,15,beginner,0,foreflat,2,forehand_flat,VIDEO_RGB,1,,069782695e2c4c80dea08deb555422fab5c249c0,1860276
VIDEO_RGB/forehand_flat/p15_foreflat_s3.avi,https://raw.githubusercontent.com/THETIS-dataset/dataset/main/VIDEO_RGB/forehand_flat/p15_foreflat_s3.avi,p15_foreflat_s3.avi,p15,15,beginner,0,foreflat,3,forehand_flat,VIDEO_RGB,1,,279f728b8610d045fcc2e112207bf8c2da32dac6,1825100
VIDEO_RGB/forehand_flat/p16_foreflat_s1.avi,https://raw.githubusercontent.com/THETIS-dataset/dataset/main/VIDEO_RGB/forehand_flat/p16_foreflat_s1.avi,p16_foreflat_s1.avi,p16,16,beginner,0,foreflat,1,forehand_flat,VIDEO_RGB,1,,5e8cc85c752d7492917299d8ca450c25d8b45e89,2896046
VIDEO_RGB/forehand_flat/p16_foreflat_s2.avi,https://raw.githubusercontent.com/THETIS-dataset/dataset/main/VIDEO_RGB/forehand_flat/p16_foreflat_s2.avi,p16_foreflat_s2.avi,p16,16,beginner,0,foreflat,2,forehand_flat,VIDEO_RGB,1,,670ed7e8f8c22270e7574b8127d3d509a9ff1e59,2791932
VIDEO_RGB/forehand_flat/p16_foreflat_s3.avi,https://raw.githubusercontent.com/THETIS-dataset/dataset/main/VIDEO_RGB/forehand_flat/p16_foreflat_s3.avi,p16_foreflat_s3.avi,p16,16,beginner,0,foreflat,3,forehand_flat,VIDEO_RGB,1,,0d75418ef7e4fc3c0c0b591a19d4a878d2a86fe4,3404326
VIDEO_RGB/forehand_flat/p17_foreflat_s1.avi,https://raw.githubusercontent.com/THETIS-dataset/dataset/main/VIDEO_RGB/forehand_flat/p17_foreflat_s1.avi,p17_foreflat_s1.avi,p17,17,beginner,0,foreflat,1,forehand_flat,VIDEO_RGB,1,,aed6f0410336e7313c0c116f5bc2e4b0a05dbc2f,2042636
VIDEO_RGB/forehand_flat/p17_foreflat_s2.avi,https://raw.githubusercontent.com/THETIS-dataset/dataset/main/VIDEO_RGB/forehand_flat/p17_foreflat_s2.avi,p17_foreflat_s2.avi,p17,17,beginner,0,foreflat,2,forehand_flat,VIDEO_RGB,1,,9f40060c0403b50a27d9ba164b25214130ab9731,2360690
VIDEO_RGB/forehand_flat/p17_foreflat_s3.avi,https://raw.githubusercontent.com/THETIS-dataset/dataset/main/VIDEO_RGB/forehand_flat/p17_foreflat_s3.avi,p17_foreflat_s3.avi,p17,17,beginner,0,foreflat,3,forehand_flat,VIDEO_RGB,1,,806b77594cc98be340f5b51c18971b4d31a1824d,2365084
VIDEO_RGB/forehand_flat/p18_foreflat_s1.avi,https://raw.githubusercontent.com/THETIS-dataset/dataset/main/VIDEO_RGB/forehand_flat/p18_foreflat_s1.avi,p18_foreflat_s1.avi,p18,18,beginner,0,foreflat,1,forehand_flat,VIDEO_RGB,1,,5b9e476c3eadde75b5145fb1de4df6728189329c,2360704
VIDEO_RGB/forehand_flat/p18_foreflat_s2.avi,https://raw.githubusercontent.com/THETIS-dataset/dataset/main/VIDEO_RGB/forehand_flat/p18_foreflat_s2.avi,p18_foreflat_s2.avi,p18,18,beginner,0,foreflat,2,forehand_flat,VIDEO_RGB,1,,4aa5b8549eaf5f3842f6a27059da5d63e962cfaf,2292454
VIDEO_RGB/forehand_flat/p18_foreflat_s3.avi,https://raw.githubusercontent.com/THETIS-dataset/dataset/main/VIDEO_RGB/forehand_flat/p18_foreflat_s3.avi,p18_foreflat_s3.avi,p18,18,beginner,0,foreflat,3,forehand_flat,VIDEO_RGB,1,,06573e20cf490208e3ebb271b74c26215bbb0e25,2244974
VIDEO_RGB/forehand_flat/p19_foreflat_s1.avi,https://raw.githubusercontent.com/THETIS-dataset/dataset/main/VIDEO_RGB/forehand_flat/p19_foreflat_s1.avi,p19_foreflat_s1.avi,p19,19,beginner,0,foreflat,1,forehand_flat,VIDEO_RGB,1,,fd29b3f44d46036c763745d09654024660dc4282,2598998
VIDEO_RGB/forehand_flat/p19_foreflat_s2.avi,https://raw.githubusercontent.com/THETIS-dataset/dataset/main/VIDEO_RGB/forehand_flat/p19_foreflat_s2.avi,p19_foreflat_s2.avi,p19,19,beginner,0,foreflat,2,forehand_flat,VIDEO_RGB,1,,b7b80e326ab0bd5c1b403825c24a2b1d556d8178,2518746
VIDEO_RGB/forehand_flat/p19_foreflat_s3.avi,https://raw.githubusercontent.com/THETIS-dataset/dataset/main/VIDEO_RGB/forehand_flat/p19_foreflat_s3.avi,p19_foreflat_s3.avi,p19,19,beginner,0,foreflat,3,forehand_flat,VIDEO_RGB,1,,33365f4fdd77dc4f8ba623b2c33b84ee470825f6,2783172
VIDEO_RGB/forehand_flat/p20_foreflat_s1.avi,https://raw.githubusercontent.com/THETIS-dataset/dataset/main/VIDEO_RGB/forehand_flat/p20_foreflat_s1.avi,p20_foreflat_s1.avi,p20,20,beginner,0,foreflat,1,forehand_flat,VIDEO_RGB,1,,0443ea838ce90de86a06a0cb8a12444688affabf,2425330
VIDEO_RGB/forehand_flat/p20_foreflat_s2.avi,https://raw.githubusercontent.com/THETIS-dataset/dataset/main/VIDEO_RGB/forehand_flat/p20_foreflat_s2.avi,p20_foreflat_s2.avi,p20,20,beginner,0,foreflat,2,forehand_flat,VIDEO_RGB,1,,7d9d4e184b9373f8c0246e38be3d239e1ce7bbfe,2205718
VIDEO_RGB/forehand_flat/p20_foreflat_s3.avi,https://raw.githubusercontent.com/THETIS-dataset/dataset/main/VIDEO_RGB/forehand_flat/p20_foreflat_s3.avi,p20_foreflat_s3.avi,p20,20,beginner,0,foreflat,3,forehand_flat,VIDEO_RGB,1,,8fb6fa258983a00f9c27ad6fb38160741cf7072e,2240900
VIDEO_RGB/forehand_flat/p21_foreflat_s1.avi,https://raw.githubusercontent.com/THETIS-dataset/dataset/main/VIDEO_RGB/forehand_flat/p21_foreflat_s1.avi,p21_foreflat_s1.avi,p21,21,beginner,0,foreflat,1,forehand_flat,VIDEO_RGB,1,,3a10298b8d7c635817836efa1b29bcc6bf6adcba,1759732
VIDEO_RGB/forehand_flat/p21_foreflat_s2.avi,https://raw.githubusercontent.com/THETIS-dataset/dataset/main/VIDEO_RGB/forehand_flat/p21_foreflat_s2.avi,p21_foreflat_s2.avi,p21,21,beginner,0,foreflat,2,forehand_flat,VIDEO_RGB,1,,086dfe3307aa1f8c1f2873a9424d9cfda2dacfbb,1603402
VIDEO_RGB/forehand_flat/p21_foreflat_s3.avi,https://raw.githubusercontent.com/THETIS-dataset/dataset/main/VIDEO_RGB/forehand_flat/p21_foreflat_s3.avi,p21_foreflat_s3.avi,p21,21,beginner,0,foreflat,3,forehand_flat,VIDEO_RGB,1,,36f8b5b6b01dab503d651207314c28e557189bde,2062564
VIDEO_RGB/forehand_flat/p22_foreflat_s1.avi,https://raw.githubusercontent.com/THETIS-dataset/dataset/main/VIDEO_RGB/forehand_flat/p22_foreflat_s1.avi,p22_foreflat_s1.avi,p22,22,beginner,0,foreflat,1,forehand_flat,VIDEO_RGB,1,,0c43e83d098bd004f7821039e496e1e55894cf9a,1873154
VIDEO_RGB/forehand_flat/p22_foreflat_s2.avi,https://raw.githubusercontent.com/THETIS-dataset/dataset/main/VIDEO_RGB/forehand_flat/p22_foreflat_s2.avi,p22_foreflat_s2.avi,p22,22,beginner,0,foreflat,2,forehand_flat,VIDEO_RGB,1,,582e07610d459aa3f125c760483fca832ac5a144,1932306
VIDEO_RGB/forehand_flat/p22_foreflat_s3.avi,https://raw.githubusercontent.com/THETIS-dataset/dataset/main/VIDEO_RGB/forehand_flat/p22_foreflat_s3.avi,p22_foreflat_s3.avi,p22,22,beginner,0,foreflat,3,forehand_flat,VIDEO_RGB,1,,69926b4f398c4600e1e38a189065c4ade691e2cb,2082196
VIDEO_RGB/forehand_flat/p23_foreflat_s1.avi,https://raw.githubusercontent.com/THETIS-dataset/dataset/main/VIDEO_RGB/forehand_flat/p23_foreflat_s1.avi,p23_foreflat_s1.avi,p23,23,beginner,0,foreflat,1,forehand_flat,VIDEO_RGB,1,,37f71bbdbb69561f4542c61e746c1f52a499d905,1701956
VIDEO_RGB/forehand_flat/p23_foreflat_s2.avi,https://raw.githubusercontent.com/THETIS-dataset/dataset/main/VIDEO_RGB/forehand_flat/p23_foreflat_s2.avi,p23_foreflat_s2.avi,p23,23,beginner,0,foreflat,2,forehand_flat,VIDEO_RGB,1,,4de8f075cfc9713821987bc6dc5d2b78d12e9ded,1645334
VIDEO_RGB/forehand_flat/p23_foreflat_s3.avi,https://raw.githubusercontent.com/THETIS-dataset/dataset/main/VIDEO_RGB/forehand_flat/p23_foreflat_s3.avi,p23_foreflat_s3.avi,p23,23,beginner,0,foreflat,3,forehand_flat,VIDEO_RGB,1,,de4f7d5240b9695f63217dec72948f53808398de,1548050
VIDEO_RGB/forehand_flat/p24_foreflat_s1.avi,https://raw.githubusercontent.com/THETIS-dataset/dataset/main/VIDEO_RGB/forehand_flat/p24_foreflat_s1.avi,p24_foreflat_s1.avi,p24,24,beginner,0,foreflat,1,forehand_flat,VIDEO_RGB,1,,13ebd2e6748f92b91a9ab16e8c3190faf760f9e1,2658296
VIDEO_RGB/forehand_flat/p24_foreflat_s2.avi,https://raw.githubusercontent.com/THETIS-dataset/dataset/main/VIDEO_RGB/forehand_flat/p24_foreflat_s2.avi,p24_foreflat_s2.avi,p24,24,beginner,0,foreflat,2,forehand_flat,VIDEO_RGB,1,,09dffebbb6d75c0a51721c1e10965ef0b0e5b35f,3791376
VIDEO_RGB/forehand_flat/p24_foreflat_s3.avi,https://raw.githubusercontent.com/THETIS-dataset/dataset/main/VIDEO_RGB/forehand_flat/p24_foreflat_s3.avi,p24_foreflat_s3.avi,p24,24,beginner,0,foreflat,3,forehand_flat,VIDEO_RGB,1,,55983625aec651f682d6cbcfba01039bb09d0ab7,3180528
VIDEO_RGB/forehand_flat/p25_foreflat_s1.avi,https://raw.githubusercontent.com/THETIS-dataset/dataset/main/VIDEO_RGB/forehand_flat/p25_foreflat_s1.avi,p25_foreflat_s1.avi,p25,25,beginner,0,foreflat,1,forehand_flat,VIDEO_RGB,1,,1ce2174ae4d57635b76f879751bc74d4b5570164,2126088
VIDEO_RGB/forehand_flat/p25_foreflat_s2.avi,https://raw.githubusercontent.com/THETIS-dataset/dataset/main/VIDEO_RGB/forehand_flat/p25_foreflat_s2.avi,p25_foreflat_s2.avi,p25,25,beginner,0,foreflat,2,forehand_flat,VIDEO_RGB,1,,c17023ed8fd43912feef0c35fd1be15d6bd4d0d4,2038074
VIDEO_RGB/forehand_flat/p25_foreflat_s3.avi,https://raw.githubusercontent.com/THETIS-dataset/dataset/main/VIDEO_RGB/forehand_flat/p25_foreflat_s3.avi,p25_foreflat_s3.avi,p25,25,beginner,0,foreflat,3,forehand_flat,VIDEO_RGB,1,,1387615213a884ff7f63bc96854b9e913d065bd4,2012328
VIDEO_RGB/forehand_flat/p26_foreflat_s1.avi,https://raw.githubusercontent.com/THETIS-dataset/dataset/main/VIDEO_RGB/forehand_flat/p26_foreflat_s1.avi,p26_foreflat_s1.avi,p26,26,beginner,0,foreflat,1,forehand_flat,VIDEO_RGB,1,,b38c18a3cb7114af3ceb9cd36d6e685ed82b1452,2406446
VIDEO_RGB/forehand_flat/p26_foreflat_s2.avi,https://raw.githubusercontent.com/THETIS-dataset/dataset/main/VIDEO_RGB/forehand_flat/p26_foreflat_s2.avi,p26_foreflat_s2.avi,p26,26,beginner,0,foreflat,2,forehand_flat,VIDEO_RGB,1,,684a86f1168455cfce98e8b579f089a3d1a7b34b,2326644
VIDEO_RGB/forehand_flat/p26_foreflat_s3.avi,https://raw.githubusercontent.com/THETIS-dataset/dataset/main/VIDEO_RGB/forehand_flat/p26_foreflat_s3.avi,p26_foreflat_s3.avi,p26,26,beginner,0,foreflat,3,forehand_flat,VIDEO_RGB,1,,0f525039dc62b3ed109435c06cabffcfcedccbe6,2399738
VIDEO_RGB/forehand_flat/p27_foreflat_s1.avi,https://raw.githubusercontent.com/THETIS-dataset/dataset/main/VIDEO_RGB/forehand_flat/p27_foreflat_s1.avi,p27_foreflat_s1.avi,p27,27,beginner,0,foreflat,1,forehand_flat,VIDEO_RGB,1,,a3f77ae46eecc3b95a15036e71ca0e173efc9426,2267858
VIDEO_RGB/forehand_flat/p27_foreflat_s2.avi,https://raw.githubusercontent.com/THETIS-dataset/dataset/main/VIDEO_RGB/forehand_flat/p27_foreflat_s2.avi,p27_foreflat_s2.avi,p27,27,beginner,0,foreflat,2,forehand_flat,VIDEO_RGB,1,,942a56b3129eb11cb0f93720ff7a97e6a035586c,1966954
VIDEO_RGB/forehand_flat/p27_foreflat_s3.avi,https://raw.githubusercontent.com/THETIS-dataset/dataset/main/VIDEO_RGB/forehand_flat/p27_foreflat_s3.avi,p27_foreflat_s3.avi,p27,27,beginner,0,foreflat,3,forehand_flat,VIDEO_RGB,1,,825612d16c897e96194388bd048e4e16115e47a9,1874728
VIDEO_RGB/forehand_flat/p28_foreflat_s1.avi,https://raw.githubusercontent.com/THETIS-dataset/dataset/main/VIDEO_RGB/forehand_flat/p28_foreflat_s1.avi,p28_foreflat_s1.avi,p28,28,beginner,0,foreflat,1,forehand_flat,VIDEO_RGB,1,,73e13cfbae852d825e785bec14ae2bdde9c829dd,2227778
VIDEO_RGB/forehand_flat/p28_foreflat_s2.avi,https://raw.githubusercontent.com/THETIS-dataset/dataset/main/VIDEO_RGB/forehand_flat/p28_foreflat_s2.avi,p28_foreflat_s2.avi,p28,28,beginner,0,foreflat,2,forehand_flat,VIDEO_RGB,1,,bfb9f8fedb691355458acb62753da20f02b0081b,1812540
VIDEO_RGB/forehand_flat/p28_foreflat_s3.avi,https://raw.githubusercontent.com/THETIS-dataset/dataset/main/VIDEO_RGB/forehand_flat/p28_foreflat_s3.avi,p28_foreflat_s3.avi,p28,28,beginner,0,foreflat,3,forehand_flat,VIDEO_RGB,1,,4ce34b65166b5425ac10325c2a0e604fd9a43e16,1841084
VIDEO_RGB/forehand_flat/p29_foreflat_s1.avi,https://raw.githubusercontent.com/THETIS-dataset/dataset/main/VIDEO_RGB/forehand_flat/p29_foreflat_s1.avi,p29_foreflat_s1.avi,p29,29,beginner,0,foreflat,1,forehand_flat,VIDEO_RGB,1,,62ed99e1fa53d490ee5d4d68a0ff77e52ef52933,2701030
VIDEO_RGB/forehand_flat/p29_foreflat_s2.avi,https://raw.githubusercontent.com/THETIS-dataset/dataset/main/VIDEO_RGB/forehand_flat/p29_foreflat_s2.avi,p29_foreflat_s2.avi,p29,29,beginner,0,foreflat,2,forehand_flat,VIDEO_RGB,1,,86c20a11a97470d77706afa354c80bbae366bcf8,2442470
VIDEO_RGB/forehand_flat/p29_foreflat_s3.avi,https://raw.githubusercontent.com/THETIS-dataset/dataset/main/VIDEO_RGB/forehand_flat/p29_foreflat_s3.avi,p29_foreflat_s3.avi,p29,29,beginner,0,foreflat,3,forehand_flat,VIDEO_RGB,1,,b94f1015a7467297b8cc0f7a9e25f8910ab6f1ea,2844030
VIDEO_RGB/forehand_flat/p30_foreflat_s1.avi,https://raw.githubusercontent.com/THETIS-dataset/dataset/main/VIDEO_RGB/forehand_flat/p30_foreflat_s1.avi,p30_foreflat_s1.avi,p30,30,beginner,0,foreflat,1,forehand_flat,VIDEO_RGB,1,,92718aa2810c09dc166626f14d6d5e70d24e56f9,3233092
VIDEO_RGB/forehand_flat/p30_foreflat_s2.avi,https://raw.githubusercontent.com/THETIS-dataset/dataset/main/VIDEO_RGB/forehand_flat/p30_foreflat_s2.avi,p30_foreflat_s2.avi,p30,30,beginner,0,foreflat,2,forehand_flat,VIDEO_RGB,1,,fca5c5cf293bab85c86d469644391b89761be194,2700018
VIDEO_RGB/forehand_flat/p30_foreflat_s3.avi,https://raw.githubusercontent.com/THETIS-dataset/dataset/main/VIDEO_RGB/forehand_flat/p30_foreflat_s3.avi,p30_foreflat_s3.avi,p30,30,beginner,0,foreflat,3,forehand_flat,VIDEO_RGB,1,,f2243ad758b38097cc6d67d01b0d6cc85065d64a,3038204
VIDEO_RGB/forehand_flat/p31_foreflat_s1.avi,https://raw.githubusercontent.com/THETIS-dataset/dataset/main/VIDEO_RGB/forehand_flat/p31_foreflat_s1.avi,p31_foreflat_s1.avi,p31,31,beginner,0,foreflat,1,forehand_flat,VIDEO_RGB,1,,6f91aeed7ffe6af591fb201689a1275a8e49f022,2374950
VIDEO_RGB/forehand_flat/p31_foreflat_s2.avi,https://raw.githubusercontent.com/THETIS-dataset/dataset/main/VIDEO_RGB/forehand_flat/p31_foreflat_s2.avi,p31_foreflat_s2.avi,p31,31,beginner,0,foreflat,2,forehand_flat,VIDEO_RGB,1,,49045693446e2aa7fb2b393d9277b220e0f669e2,2832976
VIDEO_RGB/forehand_flat/p31_foreflat_s3.avi,https://raw.githubusercontent.com/THETIS-dataset/dataset/main/VIDEO_RGB/forehand_flat/p31_foreflat_s3.avi,p31_foreflat_s3.avi,p31,31,beginner,0,foreflat,3,forehand_flat,VIDEO_RGB,1,,8a787ae23540a4cb7bf71f11c886ef805ecc3050,2199618
VIDEO_RGB/forehand_flat/p32_foreflat_s1.avi,https://raw.githubusercontent.com/THETIS-dataset/dataset/main/VIDEO_RGB/forehand_flat/p32_foreflat_s1.avi,p32_foreflat_s1.avi,p32,32,expert,1,foreflat,1,forehand_flat,VIDEO_RGB,1,,7ae0650fa3112c1d0e2255c3d38b40d207a479a4,2102818
VIDEO_RGB/forehand_flat/p32_foreflat_s2.avi,https://raw.githubusercontent.com/THETIS-dataset/dataset/main/VIDEO_RGB/forehand_flat/p32_foreflat_s2.avi,p32_foreflat_s2.avi,p32,32,expert,1,foreflat,2,forehand_flat,VIDEO_RGB,1,,a1cc3795ea66154c3a1ae64483187f3c7e08e971,1801458
VIDEO_RGB/forehand_flat/p32_foreflat_s3.avi,https://raw.githubusercontent.com/THETIS-dataset/dataset/main/VIDEO_RGB/forehand_flat/p32_foreflat_s3.avi,p32_foreflat_s3.avi,p32,32,expert,1,foreflat,3,forehand_flat,VIDEO_RGB,1,,18aa362dddc07771ab652ba1029fcb64dcecb41a,1769494
VIDEO_RGB/forehand_flat/p33_foreflat_s1.avi,https://raw.githubusercontent.com/THETIS-dataset/dataset/main/VIDEO_RGB/forehand_flat/p33_foreflat_s1.avi,p33_foreflat_s1.avi,p33,33,expert,1,foreflat,1,forehand_flat,VIDEO_RGB,1,,38c6a10e748a0cf5552595385b6bdc2640cd691b,1107654
VIDEO_RGB/forehand_flat/p33_foreflat_s2.avi,https://raw.githubusercontent.com/THETIS-dataset/dataset/main/VIDEO_RGB/forehand_flat/p33_foreflat_s2.avi,p33_foreflat_s2.avi,p33,33,expert,1,foreflat,2,forehand_flat,VIDEO_RGB,1,,fbe88f9e4100cda2f7f45cfb86662494983dd3ab,967084
VIDEO_RGB/forehand_flat/p33_foreflat_s3.avi,https://raw.githubusercontent.com/THETIS-dataset/dataset/main/VIDEO_RGB/forehand_flat/p33_foreflat_s3.avi,p33_foreflat_s3.avi,p33,33,expert,1,foreflat,3,forehand_flat,VIDEO_RGB,1,,91a4fa6d87b0faa96dbdc0908b3a38be23ded343,1299510
VIDEO_RGB/forehand_flat/p34_foreflat_s1.avi,https://raw.githubusercontent.com/THETIS-dataset/dataset/main/VIDEO_RGB/forehand_flat/p34_foreflat_s1.avi,p34_foreflat_s1.avi,p34,34,expert,1,foreflat,1,forehand_flat,VIDEO_RGB,1,,9f3c3729ccd78869ae3d90b5c2bdaf5d5fb67b81,1596630
VIDEO_RGB/forehand_flat/p34_foreflat_s2.avi,https://raw.githubusercontent.com/THETIS-dataset/dataset/main/VIDEO_RGB/forehand_flat/p34_foreflat_s2.avi,p34_foreflat_s2.avi,p34,34,expert,1,foreflat,2,forehand_flat,VIDEO_RGB,1,,fa6b6d6ee2d6419c23d6be5709eeeb49e35502ce,1317336
VIDEO_RGB/forehand_flat/p34_foreflat_s3.avi,https://raw.githubusercontent.com/THETIS-dataset/dataset/main/VIDEO_RGB/forehand_flat/p34_foreflat_s3.avi,p34_foreflat_s3.avi,p34,34,expert,1,foreflat,3,forehand_flat,VIDEO_RGB,1,,83bc45f841872681fa2b372e876e8dd9d8b2ce04,1413028
VIDEO_RGB/forehand_flat/p35_foreflat_s1.avi,https://raw.githubusercontent.com/THETIS-dataset/dataset/main/VIDEO_RGB/forehand_flat/p35_foreflat_s1.avi,p35_foreflat_s1.avi,p35,35,expert,1,foreflat,1,forehand_flat,VIDEO_RGB,1,,999da2b1a82a7234654bb5e9bf42341bce7ae8d9,1075954
VIDEO_RGB/forehand_flat/p35_foreflat_s2.avi,https://raw.githubusercontent.com/THETIS-dataset/dataset/main/VIDEO_RGB/forehand_flat/p35_foreflat_s2.avi,p35_foreflat_s2.avi,p35,35,expert,1,foreflat,2,forehand_flat,VIDEO_RGB,1,,c7f6442c87b1cee0189980907679c50c884d0322,1389236
VIDEO_RGB/forehand_flat/p35_foreflat_s3.avi,https://raw.githubusercontent.com/THETIS-dataset/dataset/main/VIDEO_RGB/forehand_flat/p35_foreflat_s3.avi,p35_foreflat_s3.avi,p35,35,expert,1,foreflat,3,forehand_flat,VIDEO_RGB,1,,a89b9baa8120c4726eb40cc489b9068c7bbc2ba6,1432444
VIDEO_RGB/forehand_flat/p36_foreflat_s1.avi,https://raw.githubusercontent.com/THETIS-dataset/dataset/main/VIDEO_RGB/forehand_flat/p36_foreflat_s1.avi,p36_foreflat_s1.avi,p36,36,expert,1,foreflat,1,forehand_flat,VIDEO_RGB,1,,9494aa1a8c0bbcaafd6536f30b5b47dad268ffc3,1264802
VIDEO_RGB/forehand_flat/p36_foreflat_s2.avi,https://raw.githubusercontent.com/THETIS-dataset/dataset/main/VIDEO_RGB/forehand_flat/p36_foreflat_s2.avi,p36_foreflat_s2.avi,p36,36,expert,1,foreflat,2,forehand_flat,VIDEO_RGB,1,,9cc3a95597676d951d444b9dff55c0085102ba97,1151452
VIDEO_RGB/forehand_flat/p36_foreflat_s3.avi,https://raw.githubusercontent.com/THETIS-dataset/dataset/main/VIDEO_RGB/forehand_flat/p36_foreflat_s3.avi,p36_foreflat_s3.avi,p36,36,expert,1,foreflat,3,forehand_flat,VIDEO_RGB,1,,2abd3899bda614fe1935c2ca36c5e5279a47aa5e,1565792
VIDEO_RGB/forehand_flat/p37_foreflat_s1.avi,https://raw.githubusercontent.com/THETIS-dataset/dataset/main/VIDEO_RGB/forehand_flat/p37_foreflat_s1.avi,p37_foreflat_s1.avi,p37,37,expert,1,foreflat,1,forehand_flat,VIDEO_RGB,1,,1bae1def15b33754ccb4e2e10bfd7ec78a3a297f,1944220
VIDEO_RGB/forehand_flat/p37_foreflat_s2.avi,https://raw.githubusercontent.com/THETIS-dataset/dataset/main/VIDEO_RGB/forehand_flat/p37_foreflat_s2.avi,p37_foreflat_s2.avi,p37,37,expert,1,foreflat,2,forehand_flat,VIDEO_RGB,1,,e5d58a5803d9e0e906ee11aaeaba5e48b8397dbd,1736298
VIDEO_RGB/forehand_flat/p37_foreflat_s3.avi,https://raw.githubusercontent.com/THETIS-dataset/dataset/main/VIDEO_RGB/forehand_flat/p37_foreflat_s3.avi,p37_foreflat_s3.avi,p37,37,expert,1,foreflat,3,forehand_flat,VIDEO_RGB,1,,3a87fa13741de2b1224816b85c6c266138edffaf,1777618
VIDEO_RGB/forehand_flat/p38_foreflat_s1.avi,https://raw.githubusercontent.com/THETIS-dataset/dataset/main/VIDEO_RGB/forehand_flat/p38_foreflat_s1.avi,p38_foreflat_s1.avi,p38,38,expert,1,foreflat,1,forehand_flat,VIDEO_RGB,1,,8325cc9cd47405802f4f3239f4f0e54c40f138ee,1803274
VIDEO_RGB/forehand_flat/p38_foreflat_s2.avi,https://raw.githubusercontent.com/THETIS-dataset/dataset/main/VIDEO_RGB/forehand_flat/p38_foreflat_s2.avi,p38_foreflat_s2.avi,p38,38,expert,1,foreflat,2,forehand_flat,VIDEO_RGB,1,,fdba5d5ffbbbe9bc8793ff40a9684afe27aa2f25,1520242
VIDEO_RGB/forehand_flat/p38_foreflat_s3.avi,https://raw.githubusercontent.com/THETIS-dataset/dataset/main/VIDEO_RGB/forehand_flat/p38_foreflat_s3.avi,p38_foreflat_s3.avi,p38,38,expert,1,foreflat,3,forehand_flat,VIDEO_RGB,1,,393336f07f01ba2438c92f21000f8e8918f7a0a7,1722202
VIDEO_RGB/forehand_flat/p39_foreflat_s1.avi,https://raw.githubusercontent.com/THETIS-dataset/dataset/main/VIDEO_RGB/forehand_flat/p39_foreflat_s1.avi,p39_foreflat_s1.avi,p39,39,expert,1,foreflat,1,forehand_flat,VIDEO_RGB,1,,675d2c7a5fa3cda4b5de72ee0d89da4dbe9cddfe,1534954
VIDEO_RGB/forehand_flat/p39_foreflat_s2.avi,https://raw.githubusercontent.com/THETIS-dataset/dataset/main/VIDEO_RGB/forehand_flat/p39_foreflat_s2.avi,p39_foreflat_s2.avi,p39,39,expert,1,foreflat,2,forehand_flat,VIDEO_RGB,1,,cb345bcfb8e80169fd378f6785c9a95ca794ae91,1680336
VIDEO_RGB/forehand_flat/p39_foreflat_s3.avi,https://raw.githubusercontent.com/THETIS-dataset/dataset/main/VIDEO_RGB/forehand_flat/p39_foreflat_s3.avi,p39_foreflat_s3.avi,p39,39,expert,1,foreflat,3,forehand_flat,VIDEO_RGB,1,,bca5488447fde754e7a692ca90a6966e934a2334,1423752
VIDEO_RGB/forehand_flat/p40_foreflat_s1.avi,https://raw.githubusercontent.com/THETIS-dataset/dataset/main/VIDEO_RGB/forehand_flat/p40_foreflat_s1.avi,p40_foreflat_s1.avi,p40,40,expert,1,foreflat,1,forehand_flat,VIDEO_RGB,1,,343b3aba2e8ab0d7c3989cdee4380070f50881e4,1531150
VIDEO_RGB/forehand_flat/p40_foreflat_s2.avi,https://raw.githubusercontent.com/THETIS-dataset/dataset/main/VIDEO_RGB/forehand_flat/p40_foreflat_s2.avi,p40_foreflat_s2.avi,p40,40,expert,1,foreflat,2,forehand_flat,VIDEO_RGB,1,,0d6d145aad266f1b4f5621cdbe0326a47419cf5f,1551106
VIDEO_RGB/forehand_flat/p40_foreflat_s3.avi,https://raw.githubusercontent.com/THETIS-dataset/dataset/main/VIDEO_RGB/forehand_flat/p40_foreflat_s3.avi,p40_foreflat_s3.avi,p40,40,expert,1,foreflat,3,forehand_flat,VIDEO_RGB,1,,21c29260d660aa6057868fd466ec9bd727cca065,2014214
VIDEO_RGB/forehand_flat/p41_foreflat_s1.avi,https://raw.githubusercontent.com/THETIS-dataset/dataset/main/VIDEO_RGB/forehand_flat/p41_foreflat_s1.avi,p41_foreflat_s1.avi,p41,41,expert,1,foreflat,1,forehand_flat,VIDEO_RGB,1,,f573047caee53640e2acecd8cf1c9ea524f633e9,1577426
VIDEO_RGB/forehand_flat/p41_foreflat_s2.avi,https://raw.githubusercontent.com/THETIS-dataset/dataset/main/VIDEO_RGB/forehand_flat/p41_foreflat_s2.avi,p41_foreflat_s2.avi,p41,41,expert,1,foreflat,2,forehand_flat,VIDEO_RGB,1,,de83866edcf76de92a4b962151109db4a15c3385,1483942
VIDEO_RGB/forehand_flat/p41_foreflat_s3.avi,https://raw.githubusercontent.com/THETIS-dataset/dataset/main/VIDEO_RGB/forehand_flat/p41_foreflat_s3.avi,p41_foreflat_s3.avi,p41,41,expert,1,foreflat,3,forehand_flat,VIDEO_RGB,1,,7079cb4d7bef206a18d39ca42cdb1e83fdc6d7be,1575684
VIDEO_RGB/forehand_flat/p42_foreflat_s1.avi,https://raw.githubusercontent.com/THETIS-dataset/dataset/main/VIDEO_RGB/forehand_flat/p42_foreflat_s1.avi,p42_foreflat_s1.avi,p42,42,expert,1,foreflat,1,forehand_flat,VIDEO_RGB,1,,9f6a0c93c7d99432836627cb5de83d0f8087f4c4,1309056
VIDEO_RGB/forehand_flat/p42_foreflat_s2.avi,https://raw.githubusercontent.com/THETIS-dataset/dataset/main/VIDEO_RGB/forehand_flat/p42_foreflat_s2.avi,p42_foreflat_s2.avi,p42,42,expert,1,foreflat,2,forehand_flat,VIDEO_RGB,1,,1d8d13abe76123ac94fd13e7e9328aeff1233048,1407576
VIDEO_RGB/forehand_flat/p42_foreflat_s3.avi,https://raw.githubusercontent.com/THETIS-dataset/dataset/main/VIDEO_RGB/forehand_flat/p42_foreflat_s3.avi,p42_foreflat_s3.avi,p42,42,expert,1,foreflat,3,forehand_flat,VIDEO_RGB,1,,7368bd03cad57bde1994f320bd7089d60e2162b1,1420494
VIDEO_RGB/forehand_flat/p43_foreflat_s1.avi,https://raw.githubusercontent.com/THETIS-dataset/dataset/main/VIDEO_RGB/forehand_flat/p43_foreflat_s1.avi,p43_foreflat_s1.avi,p43,43,expert,1,foreflat,1,forehand_flat,VIDEO_RGB,1,,b6cf46571622e3961086b06de78fd3bba220e70f,1873436
VIDEO_RGB/forehand_flat/p43_foreflat_s2.avi,https://raw.githubusercontent.com/THETIS-dataset/dataset/main/VIDEO_RGB/forehand_flat/p43_foreflat_s2.avi,p43_foreflat_s2.avi,p43,43,expert,1,foreflat,2,forehand_flat,VIDEO_RGB,1,,266595ee84a51f36bcfe68095bef8094bb355a29,2024926
VIDEO_RGB/forehand_flat/p43_foreflat_s3.avi,https://raw.githubusercontent.com/THETIS-dataset/dataset/main/VIDEO_RGB/forehand_flat/p43_foreflat_s3.avi,p43_foreflat_s3.avi,p43,43,expert,1,foreflat,3,forehand_flat,VIDEO_RGB,1,,ac96490fc1527fb86d0c2eb04d053f0cc621c1be,1850182
VIDEO_RGB/forehand_flat/p44_foreflat_s1.avi,https://raw.githubusercontent.com/THETIS-dataset/dataset/main/VIDEO_RGB/forehand_flat/p44_foreflat_s1.avi,p44_foreflat_s1.avi,p44,44,expert,1,foreflat,1,forehand_flat,VIDEO_RGB,1,,1dadfa90745d915198455d20a20cde3ba3463e89,1984122
VIDEO_RGB/forehand_flat/p44_foreflat_s2.avi,https://raw.githubusercontent.com/THETIS-dataset/dataset/main/VIDEO_RGB/forehand_flat/p44_foreflat_s2.avi,p44_foreflat_s2.avi,p44,44,expert,1,foreflat,2,forehand_flat,VIDEO_RGB,1,,c5222b6be5ee8feafbd9506878ec48190f6ca72e,1897074
VIDEO_RGB/forehand_flat/p44_foreflat_s3.avi,https://raw.githubusercontent.com/THETIS-dataset/dataset/main/VIDEO_RGB/forehand_flat/p44_foreflat_s3.avi,p44_foreflat_s3.avi,p44,44,expert,1,foreflat,3,forehand_flat,VIDEO_RGB,1,,8d790e219bbe95669b248160c61fc5fd237bb99d,2365220
VIDEO_RGB/forehand_flat/p45_foreflat_s1.avi,https://raw.githubusercontent.com/THETIS-dataset/dataset/main/VIDEO_RGB/forehand_flat/p45_foreflat_s1.avi,p45_foreflat_s1.avi,p45,45,expert,1,foreflat,1,forehand_flat,VIDEO_RGB,1,,4f14a4ee034f7a8f86c4bbf2cbbbfa661ec91270,1342026
VIDEO_RGB/forehand_flat/p45_foreflat_s2.avi,https://raw.githubusercontent.com/THETIS-dataset/dataset/main/VIDEO_RGB/forehand_flat/p45_foreflat_s2.avi,p45_foreflat_s2.avi,p45,45,expert,1,foreflat,2,forehand_flat,VIDEO_RGB,1,,1f2324109d11433198fb840b88837777ceaf2bd1,1177068
VIDEO_RGB/forehand_flat/p45_foreflat_s3.avi,https://raw.githubusercontent.com/THETIS-dataset/dataset/main/VIDEO_RGB/forehand_flat/p45_foreflat_s3.avi,p45_foreflat_s3.avi,p45,45,expert,1,foreflat,3,forehand_flat,VIDEO_RGB,1,,fad03bf340442c686543684ab9313131e5826af7,1397054
VIDEO_RGB/forehand_flat/p46_foreflat_s1.avi,https://raw.githubusercontent.com/THETIS-dataset/dataset/main/VIDEO_RGB/forehand_flat/p46_foreflat_s1.avi,p46_foreflat_s1.avi,p46,46,expert,1,foreflat,1,forehand_flat,VIDEO_RGB,1,,8f07a71ffd4d95130139987c305f790da3738f2b,1348146
VIDEO_RGB/forehand_flat/p46_foreflat_s2.avi,https://raw.githubusercontent.com/THETIS-dataset/dataset/main/VIDEO_RGB/forehand_flat/p46_foreflat_s2.avi,p46_foreflat_s2.avi,p46,46,expert,1,foreflat,2,forehand_flat,VIDEO_RGB,1,,ce98d10fdae32f25e87a8a5e6784adee67a83a4c,1241504
VIDEO_RGB/forehand_flat/p46_foreflat_s3.avi,https://raw.githubusercontent.com/THETIS-dataset/dataset/main/VIDEO_RGB/forehand_flat/p46_foreflat_s3.avi,p46_foreflat_s3.avi,p46,46,expert,1,foreflat,3,forehand_flat,VIDEO_RGB,1,,b462a59e6370f2cc571502b53efc7e3fa497a8f0,1250572
VIDEO_RGB/forehand_flat/p47_foreflat_s1.avi,https://raw.githubusercontent.com/THETIS-dataset/dataset/main/VIDEO_RGB/forehand_flat/p47_foreflat_s1.avi,p47_foreflat_s1.avi,p47,47,expert,1,foreflat,1,forehand_flat,VIDEO_RGB,1,,7a3f94ccc5478e8561a48197a13942fe10996795,2525070
VIDEO_RGB/forehand_flat/p47_foreflat_s2.avi,https://raw.githubusercontent.com/THETIS-dataset/dataset/main/VIDEO_RGB/forehand_flat/p47_foreflat_s2.avi,p47_foreflat_s2.avi,p47,47,expert,1,foreflat,2,forehand_flat,VIDEO_RGB,1,,65b4d85b5ddbfc916db0a3937089e94a257f594c,2058584
VIDEO_RGB/forehand_flat/p47_foreflat_s3.avi,https://raw.githubusercontent.com/THETIS-dataset/dataset/main/VIDEO_RGB/forehand_flat/p47_foreflat_s3.avi,p47_foreflat_s3.avi,p47,47,expert,1,foreflat,3,forehand_flat,VIDEO_RGB,1,,2763da3b29c60086ad95bcfecc11e0aad1fd64f5,2461044
VIDEO_RGB/forehand_flat/p48_foreflat_s1.avi,https://raw.githubusercontent.com/THETIS-dataset/dataset/main/VIDEO_RGB/forehand_flat/p48_foreflat_s1.avi,p48_foreflat_s1.avi,p48,48,expert,1,foreflat,1,forehand_flat,VIDEO_RGB,1,,b2311641b65f7d269666b6b6d05dca41b5fe21c8,2633354
VIDEO_RGB/forehand_flat/p48_foreflat_s2.avi,https://raw.githubusercontent.com/THETIS-dataset/dataset/main/VIDEO_RGB/forehand_flat/p48_foreflat_s2.avi,p48_foreflat_s2.avi,p48,48,expert,1,foreflat,2,forehand_flat,VIDEO_RGB,1,,fa2669804a69aef3cbe513cc5e2b0ab3b3350d75,2285664
VIDEO_RGB/forehand_flat/p48_foreflat_s3.avi,https://raw.githubusercontent.com/THETIS-dataset/dataset/main/VIDEO_RGB/forehand_flat/p48_foreflat_s3.avi,p48_foreflat_s3.avi,p48,48,expert,1,foreflat,3,forehand_flat,VIDEO_RGB,1,,3d000372f9c24708833a6bc38743d7bb7fb0ea6b,2313336
VIDEO_RGB/forehand_flat/p49_foreflat_s1.avi,https://raw.githubusercontent.com/THETIS-dataset/dataset/main/VIDEO_RGB/forehand_flat/p49_foreflat_s1.avi,p49_foreflat_s1.avi,p49,49,expert,1,foreflat,1,forehand_flat,VIDEO_RGB,1,,760d71b027e51e75f24ff00595f389196ed9ab63,2354212
VIDEO_RGB/forehand_flat/p49_foreflat_s2.avi,https://raw.githubusercontent.com/THETIS-dataset/dataset/main/VIDEO_RGB/forehand_flat/p49_foreflat_s2.avi,p49_foreflat_s2.avi,p49,49,expert,1,foreflat,2,forehand_flat,VIDEO_RGB,1,,0d6c8abb16e85bf30ca52a8da9a32e7d7c0e7fc8,3093712
VIDEO_RGB/forehand_flat/p49_foreflat_s3.avi,https://raw.githubusercontent.com/THETIS-dataset/dataset/main/VIDEO_RGB/forehand_flat/p49_foreflat_s3.avi,p49_foreflat_s3.avi,p49,49,expert,1,foreflat,3,forehand_flat,VIDEO_RGB,1,,7f1977c7a58e2fdac70977653668194481977d3e,3248308
VIDEO_RGB/forehand_flat/p50_foreflat_s1.avi,https://raw.githubusercontent.com/THETIS-dataset/dataset/main/VIDEO_RGB/forehand_flat/p50_foreflat_s1.avi,p50_foreflat_s1.avi,p50,50,expert,1,foreflat,1,forehand_flat,VIDEO_RGB,1,,5d13732b05e3f702d8529ef247d8db926298d291,3527612
VIDEO_RGB/forehand_flat/p50_foreflat_s2.avi,https://raw.githubusercontent.com/THETIS-dataset/dataset/main/VIDEO_RGB/forehand_flat/p50_foreflat_s2.avi,p50_foreflat_s2.avi,p50,50,expert,1,foreflat,2,forehand_flat,VIDEO_RGB,1,,b3401c026769be44f09a25517788e0e95e70b10b,4045940
VIDEO_RGB/forehand_flat/p50_foreflat_s3.avi,https://raw.githubusercontent.com/THETIS-dataset/dataset/main/VIDEO_RGB/forehand_flat/p50_foreflat_s3.avi,p50_foreflat_s3.avi,p50,50,expert,1,foreflat,3,forehand_flat,VIDEO_RGB,1,,4c757010550f5e777da5bf99b3fc892b49f4d164,4150954
VIDEO_RGB/forehand_flat/p51_foreflat_s1.avi,https://raw.githubusercontent.com/THETIS-dataset/dataset/main/VIDEO_RGB/forehand_flat/p51_foreflat_s1.avi,p51_foreflat_s1.avi,p51,51,expert,1,foreflat,1,forehand_flat,VIDEO_RGB,1,,630377f61007dc406aca38c39c017bdc4706d61b,4457278
VIDEO_RGB/forehand_flat/p51_foreflat_s2.avi,https://raw.githubusercontent.com/THETIS-dataset/dataset/main/VIDEO_RGB/forehand_flat/p51_foreflat_s2.avi,p51_foreflat_s2.avi,p51,51,expert,1,foreflat,2,forehand_flat,VIDEO_RGB,1,,9d9b3ef8dc93702def1125b83a1201dd08660253,4301778
VIDEO_RGB/forehand_flat/p51_foreflat_s3.avi,https://raw.githubusercontent.com/THETIS-dataset/dataset/main/VIDEO_RGB/forehand_flat/p51_foreflat_s3.avi,p51_foreflat_s3.avi,p51,51,expert,1,foreflat,3,forehand_flat,VIDEO_RGB,1,,12c6073fd68af7914885e684c2a42465c0cd64bb,4525864
VIDEO_RGB/forehand_flat/p52_foreflat_s1.avi,https://raw.githubusercontent.com/THETIS-dataset/dataset/main/VIDEO_RGB/forehand_flat/p52_foreflat_s1.avi,p52_foreflat_s1.avi,p52,52,expert,1,foreflat,1,forehand_flat,VIDEO_RGB,1,,0ba72ac606ec6cc419205b34d7efac1213cca037,2239784
VIDEO_RGB/forehand_flat/p52_foreflat_s2.avi,https://raw.githubusercontent.com/THETIS-dataset/dataset/main/VIDEO_RGB/forehand_flat/p52_foreflat_s2.avi,p52_foreflat_s2.avi,p52,52,expert,1,foreflat,2,forehand_flat,VIDEO_RGB,1,,d3cd3c2d80df8bb05d481bed6cfc28c92cf4b7cb,1925998
VIDEO_RGB/forehand_flat/p52_foreflat_s3.avi,https://raw.githubusercontent.com/THETIS-dataset/dataset/main/VIDEO_RGB/forehand_flat/p52_foreflat_s3.avi,p52_foreflat_s3.avi,p52,52,expert,1,foreflat,3,forehand_flat,VIDEO_RGB,1,,da73dbf658ab6bc40680a199e4fc5a1cb46b946c,1778506
VIDEO_RGB/forehand_flat/p53_foreflat_s1.avi,https://raw.githubusercontent.com/THETIS-dataset/dataset/main/VIDEO_RGB/forehand_flat/p53_foreflat_s1.avi,p53_foreflat_s1.avi,p53,53,expert,1,foreflat,1,forehand_flat,VIDEO_RGB,1,,9cc52085f982559bcc789d71969feec56bf69405,2615582
VIDEO_RGB/forehand_flat/p53_foreflat_s2.avi,https://raw.githubusercontent.com/THETIS-dataset/dataset/main/VIDEO_RGB/forehand_flat/p53_foreflat_s2.avi,p53_foreflat_s2.avi,p53,53,expert,1,foreflat,2,forehand_flat,VIDEO_RGB,1,,476ac125e51d8a885483c4a923e4ff3f8acee733,2201450
VIDEO_RGB/forehand_flat/p53_foreflat_s3.avi,https://raw.githubusercontent.com/THETIS-dataset/dataset/main/VIDEO_RGB/forehand_flat/p53_foreflat_s3.avi,p53_foreflat_s3.avi,p53,53,expert,1,foreflat,3,forehand_flat,VIDEO_RGB,1,,ccaafda916b5706d6dae5cb62ec8a349915e8283,2871192
VIDEO_RGB/forehand_flat/p54_foreflat_s1.avi,https://raw.githubusercontent.com/THETIS-dataset/dataset/main/VIDEO_RGB/forehand_flat/p54_foreflat_s1.avi,p54_foreflat_s1.avi,p54,54,expert,1,foreflat,1,forehand_flat,VIDEO_RGB,1,,50ff221a86e8e5a3ea741b65ce12bcb1bec0de57,2888928
VIDEO_RGB/forehand_flat/p54_foreflat_s2.avi,https://raw.githubusercontent.com/THETIS-dataset/dataset/main/VIDEO_RGB/forehand_flat/p54_foreflat_s2.avi,p54_foreflat_s2.avi,p54,54,expert,1,foreflat,2,forehand_flat,VIDEO_RGB,1,,2ce156bdc6259c137bf7c64b063c704d164c811f,2492228
VIDEO_RGB/forehand_flat/p54_foreflat_s3.avi,https://raw.githubusercontent.com/THETIS-dataset/dataset/main/VIDEO_RGB/forehand_flat/p54_foreflat_s3.avi,p54_foreflat_s3.avi,p54,54,expert,1,foreflat,3,forehand_flat,VIDEO_RGB,1,,061936d1f041cb1241f86a573c2fa57cc014d90d,2621974
VIDEO_RGB/forehand_flat/p55_foreflat_s1.avi,https://raw.githubusercontent.com/THETIS-dataset/dataset/main/VIDEO_RGB/forehand_flat/p55_foreflat_s1.avi,p55_foreflat_s1.avi,p55,55,expert,1,foreflat,1,forehand_flat,VIDEO_RGB,1,,696cc478d825d7a23e9d2fc935c3b594da637980,1644670
VIDEO_RGB/forehand_flat/p55_foreflat_s2.avi,https://raw.githubusercontent.com/THETIS-dataset/dataset/main/VIDEO_RGB/forehand_flat/p55_foreflat_s2.avi,p55_foreflat_s2.avi,p55,55,expert,1,foreflat,2,forehand_flat,VIDEO_RGB,1,,025cd04ada9b762acc0b8820c4827eee0cb4a822,1750392
VIDEO_RGB/forehand_flat/p55_foreflat_s3.avi,https://raw.githubusercontent.com/THETIS-dataset/dataset/main/VIDEO_RGB/forehand_flat/p55_foreflat_s3.avi,p55_foreflat_s3.avi,p55,55,expert,1,foreflat,3,forehand_flat,VIDEO_RGB,1,,025cd04ada9b762acc0b8820c4827eee0cb4a822,1750392
VIDEO_RGB/kick_service/p1_serkick_s1.avi,https://raw.githubusercontent.com/THETIS-dataset/dataset/main/VIDEO_RGB/kick_service/p1_serkick_s1.avi,p1_serkick_s1.avi,p1,1,beginner,0,serkick,1,kick_service,VIDEO_RGB,1,,63066c372629cc894d5ac6dfcca8064b9003f52b,1730062
VIDEO_RGB/kick_service/p1_serkick_s2.avi,https://raw.githubusercontent.com/THETIS-dataset/dataset/main/VIDEO_RGB/kick_service/p1_serkick_s2.avi,p1_serkick_s2.avi,p1,1,beginner,0,serkick,2,kick_service,VIDEO_RGB,1,,e79e945355f617c08dff4579822b37d564b4b9fd,1718042
VIDEO_RGB/kick_service/p1_serkick_s3.avi,https://raw.githubusercontent.com/THETIS-dataset/dataset/main/VIDEO_RGB/kick_service/p1_serkick_s3.avi,p1_serkick_s3.avi,p1,1,beginner,0,serkick,3,kick_service,VIDEO_RGB,1,,ee5abc0fd0ef02602510b418a38f6cd39df7cc65,1473920
VIDEO_RGB/kick_service/p2_serkick_s1.avi,https://raw.githubusercontent.com/THETIS-dataset/dataset/main/VIDEO_RGB/kick_service/p2_serkick_s1.avi,p2_serkick_s1.avi,p2,2,beginner,0,serkick,1,kick_service,VIDEO_RGB,1,,2fde48c7c0832ab33fdfcb63641f1f4cec7724e6,2091946
VIDEO_RGB/kick_service/p2_serkick_s2.avi,https://raw.githubusercontent.com/THETIS-dataset/dataset/main/VIDEO_RGB/kick_service/p2_serkick_s2.avi,p2_serkick_s2.avi,p2,2,beginner,0,serkick,2,kick_service,VIDEO_RGB,1,,d159e814aebcdb03f2a35da8329a744eceafaaf4,1696486
VIDEO_RGB/kick_service/p2_serkick_s3.avi,https://raw.githubusercontent.com/THETIS-dataset/dataset/main/VIDEO_RGB/kick_service/p2_serkick_s3.avi,p2_serkick_s3.avi,p2,2,beginner,0,serkick,3,kick_service,VIDEO_RGB,1,,eb9576e1ed97df8d62b18953af10068949c915ef,1693544
VIDEO_RGB/kick_service/p3_serkick_s1.avi,https://raw.githubusercontent.com/THETIS-dataset/dataset/main/VIDEO_RGB/kick_service/p3_serkick_s1.avi,p3_serkick_s1.avi,p3,3,beginner,0,serkick,1,kick_service,VIDEO_RGB,1,,9b48de30cf81f5bcd536b91dd41656a78824908c,2005344
VIDEO_RGB/kick_service/p3_serkick_s2.avi,https://raw.githubusercontent.com/THETIS-dataset/dataset/main/VIDEO_RGB/kick_service/p3_serkick_s2.avi,p3_serkick_s2.avi,p3,3,beginner,0,serkick,2,kick_service,VIDEO_RGB,1,,524d427d0df04963862e07113cd3991dddcbf228,2311822
VIDEO_RGB/kick_service/p3_serkick_s3.avi,https://raw.githubusercontent.com/THETIS-dataset/dataset/main/VIDEO_RGB/kick_service/p3_serkick_s3.avi,p3_serkick_s3.avi,p3,3,beginner,0,serkick,3,kick_service,VIDEO_RGB,1,,d41698a75e101df13ef65bd05f93044da85d6392,2245998
VIDEO_RGB/kick_service/p4_serkick_s1.avi,https://raw.githubusercontent.com/THETIS-dataset/dataset/main/VIDEO_RGB/kick_service/p4_serkick_s1.avi,p4_serkick_s1.avi,p4,4,beginner,0,serkick,1,kick_service,VIDEO_RGB,1,,245f0dcba101c4f21bb4bd7f6a7314826a971513,2673156
VIDEO_RGB/kick_service/p4_serkick_s2.avi,https://raw.githubusercontent.com/THETIS-dataset/dataset/main/VIDEO_RGB/kick_service/p4_serkick_s2.avi,p4_serkick_s2.avi,p4,4,beginner,0,serkick,2,kick_service,VIDEO_RGB,1,,a6c5b831d915d36ee686865342ca7b0cbcfa024f,2737252
VIDEO_RGB/kick_service/p4_serkick_s3.avi,https://raw.githubusercontent.com/THETIS-dataset/dataset/main/VIDEO_RGB/kick_service/p4_serkick_s3.avi,p4_serkick_s3.avi,p4,4,beginner,0,serkick,3,kick_service,VIDEO_RGB,1,,52e4e5ed073363ce209ffd8d4b8c8f15a4ac5f4f,2932528
VIDEO_RGB/kick_service/p5_serkick_s1.avi,https://raw.githubusercontent.com/THETIS-dataset/dataset/main/VIDEO_RGB/kick_service/p5_serkick_s1.avi,p5_serkick_s1.avi,p5,5,beginner,0,serkick,1,kick_service,VIDEO_RGB,1,,ebc6b6ef2a08402c055f43c3130ac6569ee518af,2333704
VIDEO_RGB/kick_service/p5_serkick_s2.avi,https://raw.githubusercontent.com/THETIS-dataset/dataset/main/VIDEO_RGB/kick_service/p5_serkick_s2.avi,p5_serkick_s2.avi,p5,5,beginner,0,serkick,2,kick_service,VIDEO_RGB,1,,16cae73b870b8ee83583156c64acd234dd61779b,2264562
VIDEO_RGB/kick_service/p5_serkick_s3.avi,https://raw.githubusercontent.com/THETIS-dataset/dataset/main/VIDEO_RGB/kick_service/p5_serkick_s3.avi,p5_serkick_s3.avi,p5,5,beginner,0,serkick,3,kick_service,VIDEO_RGB,1,,6fc576fa7924576fb9279d06864f45416e5c47d6,1960338
VIDEO_RGB/kick_service/p6_serkick_s1.avi,https://raw.githubusercontent.com/THETIS-dataset/dataset/main/VIDEO_RGB/kick_service/p6_serkick_s1.avi,p6_serkick_s1.avi,p6,6,beginner,0,serkick,1,kick_service,VIDEO_RGB,1,,d8f6e33796e096f108735b477497d3af5ec74773,1933710
VIDEO_RGB/kick_service/p6_serkick_s2.avi,https://raw.githubusercontent.com/THETIS-dataset/dataset/main/VIDEO_RGB/kick_service/p6_serkick_s2.avi,p6_serkick_s2.avi,p6,6,beginner,0,serkick,2,kick_service,VIDEO_RGB,1,,94b501a3d80d41d2f2a8f6904406582ce21c786d,2039208
VIDEO_RGB/kick_service/p6_serkick_s3.avi,https://raw.githubusercontent.com/THETIS-dataset/dataset/main/VIDEO_RGB/kick_service/p6_serkick_s3.avi,p6_serkick_s3.avi,p6,6,beginner,0,serkick,3,kick_service,VIDEO_RGB,1,,079ddd8127c8e783eae836df9e8385a7f85fd6fe,1959396
VIDEO_RGB/kick_service/p7_serkick_s1.avi,https://raw.githubusercontent.com/THETIS-dataset/dataset/main/VIDEO_RGB/kick_service/p7_serkick_s1.avi,p7_serkick_s1.avi,p7,7,beginner,0,serkick,1,kick_service,VIDEO_RGB,1,,822dff5be3a3411137ab8d95e8708300ef826457,1595050
VIDEO_RGB/kick_service/p7_serkick_s2.avi,https://raw.githubusercontent.com/THETIS-dataset/dataset/main/VIDEO_RGB/kick_service/p7_serkick_s2.avi,p7_serkick_s2.avi,p7,7,beginner,0,serkick,2,kick_service,VIDEO_RGB,1,,507035534e0292ee187613446dd6efac2bafba9f,2010828
VIDEO_RGB/kick_service/p7_serkick_s3.avi,https://raw.githubusercontent.com/THETIS-dataset/dataset/main/VIDEO_RGB/kick_service/p7_serkick_s3.avi,p7_serkick_s3.avi,p7,7,beginner,0,serkick,3,kick_service,VIDEO_RGB,1,,bdb6824dfe98a5b1205edde93f0b7fc661cadc3b,2317332
VIDEO_RGB/kick_service/p8_serkick_s1.avi,https://raw.githubusercontent.com/THETIS-dataset/dataset/main/VIDEO_RGB/kick_service/p8_serkick_s1.avi,p8_serkick_s1.avi,p8,8,beginner,0,serkick,1,kick_service,VIDEO_RGB,1,,86b30a2646f9b1f6a078105b2ae72e6403e17d36,1820982
VIDEO_RGB/kick_service/p8_serkick_s2.avi,https://raw.githubusercontent.com/THETIS-dataset/dataset/main/VIDEO_RGB/kick_service/p8_serkick_s2.avi,p8_serkick_s2.avi,p8,8,beginner,0,serkick,2,kick_service,VIDEO_RGB,1,,a4b442ccc1d578b53b61bc5e6a6afc8755cdd546,1938898
VIDEO_RGB/kick_service/p8_serkick_s3.avi,https://raw.githubusercontent.com/THETIS-dataset/dataset/main/VIDEO_RGB/kick_service/p8_serkick_s3.avi,p8_serkick_s3.avi,p8,8,beginner,0,serkick,3,kick_service,VIDEO_RGB,1,,67b1657808c4afe019c29324efd77b0e13d15c36,2011616
VIDEO_RGB/kick_service/p9_serkick_s1.avi,https://raw.githubusercontent.com/THETIS-dataset/dataset/main/VIDEO_RGB/kick_service/p9_serkick_s1.avi,p9_serkick_s1.avi,p9,9,beginner,0,serkick,1,kick_service,VIDEO_RGB,1,,09e8fa87983a6ca78fb63fc5bb51a03c3a13f88d,2266652
VIDEO_RGB/kick_service/p9_serkick_s2.avi,https://raw.githubusercontent.com/THETIS-dataset/dataset/main/VIDEO_RGB/kick_service/p9_serkick_s2.avi,p9_serkick_s2.avi,p9,9,beginner,0,serkick,2,kick_service,VIDEO_RGB,1,,c73c405d1a8137b3ac0019c7ffc495d7c664a367,2006678
VIDEO_RGB/kick_service/p9_serkick_s3.avi,https://raw.githubusercontent.com/THETIS-dataset/dataset/main/VIDEO_RGB/kick_service/p9_serkick_s3.avi,p9_serkick_s3.avi,p9,9,beginner,0,serkick,3,kick_service,VIDEO_RGB,1,,3dd7818a2af0b7631f2d193d15630260cc531822,2076824
VIDEO_RGB/kick_service/p10_serkick_s1.avi,https://raw.githubusercontent.com/THETIS-dataset/dataset/main/VIDEO_RGB/kick_service/p10_serkick_s1.avi,p10_serkick_s1.avi,p10,10,beginner,0,serkick,1,kick_service,VIDEO_RGB,1,,4904fb1d4174b5376caa58fee6ac5a4ede237d79,2153986
VIDEO_RGB/kick_service/p10_serkick_s2.avi,https://raw.githubusercontent.com/THETIS-dataset/dataset/main/VIDEO_RGB/kick_service/p10_serkick_s2.avi,p10_serkick_s2.avi,p10,10,beginner,0,serkick,2,kick_service,VIDEO_RGB,1,,cfcfb43314bd8c01716859f1580d2e4a67e90d5a,2248562
VIDEO_RGB/kick_service/p10_serkick_s3.avi,https://raw.githubusercontent.com/THETIS-dataset/dataset/main/VIDEO_RGB/kick_service/p10_serkick_s3.avi,p10_serkick_s3.avi,p10,10,beginner,0,serkick,3,kick_service,VIDEO_RGB,1,,52908636e5496861bdaf2f398a6dd51d222b8d44,2207394
VIDEO_RGB/kick_service/p11_serkick_s1.avi,https://raw.githubusercontent.com/THETIS-dataset/dataset/main/VIDEO_RGB/kick_service/p11_serkick_s1.avi,p11_serkick_s1.avi,p11,11,beginner,0,serkick,1,kick_service,VIDEO_RGB,1,,6dc36e8808576cda88d57fc5a8ced17e9058f934,2147092
VIDEO_RGB/kick_service/p11_serkick_s2.avi,https://raw.githubusercontent.com/THETIS-dataset/dataset/main/VIDEO_RGB/kick_service/p11_serkick_s2.avi,p11_serkick_s2.avi,p11,11,beginner,0,serkick,2,kick_service,VIDEO_RGB,1,,2d5cd507119fe47e41866c60964b28971e3e9b21,2019296
VIDEO_RGB/kick_service/p11_serkick_s3.avi,https://raw.githubusercontent.com/THETIS-dataset/dataset/main/VIDEO_RGB/kick_service/p11_serkick_s3.avi,p11_serkick_s3.avi,p11,11,beginner,0,serkick,3,kick_service,VIDEO_RGB,1,,278d0ea6970bb0b42db3e3a133caaee61a4c1fe3,1951156
VIDEO_RGB/kick_service/p12_serkick_s1.avi,https://raw.githubusercontent.com/THETIS-dataset/dataset/main/VIDEO_RGB/kick_service/p12_serkick_s1.avi,p12_serkick_s1.avi,p12,12,beginner,0,serkick,1,kick_service,VIDEO_RGB,1,,ed151deb17a41548aced64e5d4da9fc13abaefbc,1866202
VIDEO_RGB/kick_service/p12_serkick_s2.avi,https://raw.githubusercontent.com/THETIS-dataset/dataset/main/VIDEO_RGB/kick_service/p12_serkick_s2.avi,p12_serkick_s2.avi,p12,12,beginner,0,serkick,2,kick_service,VIDEO_RGB,1,,f4b56217adfaeeedaa67613336b292a442957db5,1682256
VIDEO_RGB/kick_service/p12_serkick_s3.avi,https://raw.githubusercontent.com/THETIS-dataset/dataset/main/VIDEO_RGB/kick_service/p12_serkick_s3.avi,p12_serkick_s3.avi,p12,12,beginner,0,serkick,3,kick_service,VIDEO_RGB,1,,3026ad57391fc12244563b3c6c79d1bee27abe7e,1780760
VIDEO_RGB/kick_service/p13_serkick_s1.avi,https://raw.githubusercontent.com/THETIS-dataset/dataset/main/VIDEO_RGB/kick_service/p13_serkick_s1.avi,p13_serkick_s1.avi,p13,13,beginner,0,serkick,1,kick_service,VIDEO_RGB,1,,eb0e71caa773d3b6d38fa1eac0d06d0388c46f83,1540348
VIDEO_RGB/kick_service/p13_serkick_s2.avi,https://raw.githubusercontent.com/THETIS-dataset/dataset/main/VIDEO_RGB/kick_service/p13_serkick_s2.avi,p13_serkick_s2.avi,p13,13,beginner,0,serkick,2,kick_service,VIDEO_RGB,1,,d2337a1f2d502fc5140b574fde57da527bbf331a,1568148
VIDEO_RGB/kick_service/p13_serkick_s3.avi,https://raw.githubusercontent.com/THETIS-dataset/dataset/main/VIDEO_RGB/kick_service/p13_serkick_s3.avi,p13_serkick_s3.avi,p13,13,beginner,0,serkick,3,kick_service,VIDEO_RGB,1,,d5e34e6ac61eca405e97a58120c82b5736355eb0,1544638
VIDEO_RGB/kick_service/p14_serkick_s1.avi,https://raw.githubusercontent.com/THETIS-dataset/dataset/main/VIDEO_RGB/kick_service/p14_serkick_s1.avi,p14_serkick_s1.avi,p14,14,beginner,0,serkick,1,kick_service,VIDEO_RGB,1,,a81ff07394750bc82669dda9047953bdae240948,1606824
VIDEO_RGB/kick_service/p14_serkick_s2.avi,https://raw.githubusercontent.com/THETIS-dataset/dataset/main/VIDEO_RGB/kick_service/p14_serkick_s2.avi,p14_serkick_s2.avi,p14,14,beginner,0,serkick,2,kick_service,VIDEO_RGB,1,,055da8be20ac5d86f1ea3bb9f3edc727b7233bc2,1611738
VIDEO_RGB/kick_service/p14_serkick_s3.avi,https://raw.githubusercontent.com/THETIS-dataset/dataset/main/VIDEO_RGB/kick_service/p14_serkick_s3.avi,p14_serkick_s3.avi,p14,14,beginner,0,serkick,3,kick_service,VIDEO_RGB,1,,e96df46d712e99e50e22f41dc3ac449ca7d21c99,1460720
VIDEO_RGB/kick_service/p15_serkick_s1.avi,https://raw.githubusercontent.com/THETIS-dataset/dataset/main/VIDEO_RGB/kick_service/p15_serkick_s1.avi,p15_serkick_s1.avi,p15,15,beginner,0,serkick,1,kick_service,VIDEO_RGB,1,,5d9472585b050b6b2fca3e790af103d03624b228,1763678
VIDEO_RGB/kick_service/p15_serkick_s2.avi,https://raw.githubusercontent.com/THETIS-dataset/dataset/main/VIDEO_RGB/kick_service/p15_serkick_s2.avi,p15_serkick_s2.avi,p15,15,beginner,0,serkick,2,kick_service,VIDEO_RGB,1,,1d506e118bb820ae6733d94e4502c7bded070816,1604704
VIDEO_RGB/kick_service/p15_serkick_s3.avi,https://raw.githubusercontent.com/THETIS-dataset/dataset/main/VIDEO_RGB/kick_service/p15_serkick_s3.avi,p15_serkick_s3.avi,p15,15,beginner,0,serkick,3,kick_service,VIDEO_RGB,1,,513dafe3ced6725cd08d96abe63731799eb44791,1803714
VIDEO_RGB/kick_service/p16_serkick_s1.avi,https://raw.githubusercontent.com/THETIS-dataset/dataset/main/VIDEO_RGB/kick_service/p16_serkick_s1.avi,p16_serkick_s1.avi,p16,16,beginner,0,serkick,1,kick_service,VIDEO_RGB,1,,2d8b68e050dfcc45c5b687915d7a85f49394d198,2403696
VIDEO_RGB/kick_service/p16_serkick_s2.avi,https://raw.githubusercontent.com/THETIS-dataset/dataset/main/VIDEO_RGB/kick_service/p16_serkick_s2.avi,p16_serkick_s2.avi,p16,16,beginner,0,serkick,2,kick_service,VIDEO_RGB,1,,9aacb1aa35c9b88049edab861b31e2483db116cb,2826114
VIDEO_RGB/kick_service/p16_serkick_s3.avi,https://raw.githubusercontent.com/THETIS-dataset/dataset/main/VIDEO_RGB/kick_service/p16_serkick_s3.avi,p16_serkick_s3.avi,p16,16,beginner,0,serkick,3,kick_service,VIDEO_RGB,1,,da6a48c4ffbfbf48553bec7e25c41986060957ec,2158042
VIDEO_RGB/kick_service/p17_serkick_s1.avi,https://raw.githubusercontent.com/THETIS-dataset/dataset/main/VIDEO_RGB/kick_service/p17_serkick_s1.avi,p17_serkick_s1.avi,p17,17,beginner,0,serkick,1,kick_service,VIDEO_RGB,1,,3c07ac8ea83dfd822be5443b6d561fc6169458af,1889126
VIDEO_RGB/kick_service/p17_serkick_s2.avi,https://raw.githubusercontent.com/THETIS-dataset/dataset/main/VIDEO_RGB/kick_service/p17_serkick_s2.avi,p17_serkick_s2.avi,p17,17,beginner,0,serkick,2,kick_service,VIDEO_RGB,1,,6e7d89b20988e2a3b1bfaeeec9a8b6d1b0234743,1553886
VIDEO_RGB/kick_service/p17_serkick_s3.avi,https://raw.githubusercontent.com/THETIS-dataset/dataset/main/VIDEO_RGB/kick_service/p17_serkick_s3.avi,p17_serkick_s3.avi,p17,17,beginner,0,serkick,3,kick_service,VIDEO_RGB,1,,0d796d0c69f335e327866adf3ff3c9c5528cded8,1805242
VIDEO_RGB/kick_service/p18_serkick_s1.avi,https://raw.githubusercontent.com/THETIS-dataset/dataset/main/VIDEO_RGB/kick_service/p18_serkick_s1.avi,p18_serkick_s1.avi,p18,18,beginner,0,serkick,1,kick_service,VIDEO_RGB,1,,29ed36cb15a5583b922d2e77919e2c02dcd758d3,1823066
VIDEO_RGB/kick_service/p18_serkick_s2.avi,https://raw.githubusercontent.com/THETIS-dataset/dataset/main/VIDEO_RGB/kick_service/p18_serkick_s2.avi,p18_serkick_s2.avi,p18,18,beginner,0,serkick,2,kick_service,VIDEO_RGB,1,,238bbc387a92fca83cfb0fc5dacb3bfd7f536a33,2234816
VIDEO_RGB/kick_service/p18_serkick_s3.avi,https://raw.githubusercontent.com/THETIS-dataset/dataset/main/VIDEO_RGB/kick_service/p18_serkick_s3.avi,p18_serkick_s3.avi,p18,18,beginner,0,serkick,3,kick_service,VIDEO_RGB,1,,33e789c2216a96c6d20e776dbbaa861fa546c571,2204974
VIDEO_RGB/kick_service/p19_serkick_s1.avi,https://raw.githubusercontent.com/THETIS-dataset/dataset/main/VIDEO_RGB/kick_service/p19_serkick_s1.avi,p19_serkick_s1.avi,p19,19,beginner,0,serkick,1,kick_service,VIDEO_RGB,1,,e1f2cd07300e47d58cc074a8f80c5253d9426159,2308480
VIDEO_RGB/kick_service/p19_serkick_s2.avi,https://raw.githubusercontent.com/THETIS-dataset/dataset/main/VIDEO_RGB/kick_service/p19_serkick_s2.avi,p19_serkick_s2.avi,p19,19,beginner,0,serkick,2,kick_service,VIDEO_RGB,1,,43e58333201413ca19f6386288f963d93ae0c55b,2000780
VIDEO_RGB/kick_service/p19_serkick_s3.avi,https://raw.githubusercontent.com/THETIS-dataset/dataset/main/VIDEO_RGB/kick_service/p19_serkick_s3.avi,p19_serkick_s3.avi,p19,19,beginner,0,serkick,3,kick_service,VIDEO_RGB,1,,048961dbc251eee5401db5e081ac6c5990f6c707,1931960
VIDEO_RGB/kick_service/p20_serkick_s1.avi,https://raw.githubusercontent.com/THETIS-dataset/dataset/main/VIDEO_RGB/kick_service/p20_serkick_s1.avi,p20_serkick_s1.avi,p20,20,beginner,0,serkick,1,kick_service,VIDEO_RGB,1,,41ed3bbce0ee626a16797f436335cfd009e1883a,1851466
VIDEO_RGB/kick_service/p20_serkick_s2.avi,https://raw.githubusercontent.com/THETIS-dataset/dataset/main/VIDEO_RGB/kick_service/p20_serkick_s2.avi,p20_serkick_s2.avi,p20,20,beginner,0,serkick,2,kick_service,VIDEO_RGB,1,,19b07d8175985c4320df76ca0366693d47c15057,2262594
VIDEO_RGB/kick_service/p20_serkick_s3.avi,https://raw.githubusercontent.com/THETIS-dataset/dataset/main/VIDEO_RGB/kick_service/p20_serkick_s3.avi,p20_serkick_s3.avi,p20,20,beginner,0,serkick,3,kick_service,VIDEO_RGB,1,,a02f069934ab73b1d2000b0f7bdf89cfdd625a29,1943640
VIDEO_RGB/kick_service/p21_serkick_s1.avi,https://raw.githubusercontent.com/THETIS-dataset/dataset/main/VIDEO_RGB/kick_service/p21_serkick_s1.avi,p21_serkick_s1.avi,p21,21,beginner,0,serkick,1,kick_service,VIDEO_RGB,1,,42151fe4b52fd8bbf52528fe76f91b43ec7a33f6,1634042
VIDEO_RGB/kick_service/p21_serkick_s2.avi,https://raw.githubusercontent.com/THETIS-dataset/dataset/main/VIDEO_RGB/kick_service/p21_serkick_s2.avi,p21_serkick_s2.avi,p21,21,beginner,0,serkick,2,kick_service,VIDEO_RGB,1,,17c21b8120f60d03c9823c6867382a4738bfc644,1768888
VIDEO_RGB/kick_service/p21_serkick_s3.avi,https://raw.githubusercontent.com/THETIS-dataset/dataset/main/VIDEO_RGB/kick_service/p21_serkick_s3.avi,p21_serkick_s3.avi,p21,21,beginner,0,serkick,3,kick_service,VIDEO_RGB,1,,35c7497eb0692ac6dced15ccdbc58bebfe6038be,1562546
VIDEO_RGB/kick_service/p22_serkick_s1.avi,https://raw.githubusercontent.com/THETIS-dataset/dataset/main/VIDEO_RGB/kick_service/p22_serkick_s1.avi,p22_serkick_s1.avi,p22,22,beginner,0,serkick,1,kick_service,VIDEO_RGB,1,,dd75e0b6f542f222137c5a282fa7020f6d1e05e2,1822726
VIDEO_RGB/kick_service/p22_serkick_s2.avi,https://raw.githubusercontent.com/THETIS-dataset/dataset/main/VIDEO_RGB/kick_service/p22_serkick_s2.avi,p22_serkick_s2.avi,p22,22,beginner,0,serkick,2,kick_service,VIDEO_RGB,1,,b0e3fd91b09acb58da3c3287d2861406a0867eb5,1820100
VIDEO_RGB/kick_service/p22_serkick_s3.avi,https://raw.githubusercontent.com/THETIS-dataset/dataset/main/VIDEO_RGB/kick_service/p22_serkick_s3.avi,p22_serkick_s3.avi,p22,22,beginner,0,serkick,3,kick_service,VIDEO_RGB,1,,a90364053a6e1c671360f56fb963ce3bba4151df,1737118
VIDEO_RGB/kick_service/p23_serkick_s1.avi,https://raw.githubusercontent.com/THETIS-dataset/dataset/main/VIDEO_RGB/kick_service/p23_serkick_s1.avi,p23_serkick_s1.avi,p23,23,beginner,0,serkick,1,kick_service,VIDEO_RGB,1,,a5111ff044975bfcc0a7ab8f71bf187f30256884,1897488
VIDEO_RGB/kick_service/p23_serkick_s2.avi,https://raw.githubusercontent.com/THETIS-dataset/dataset/main/VIDEO_RGB/kick_service/p23_serkick_s2.avi,p23_serkick_s2.avi,p23,23,beginner,0,serkick,2,kick_service,VIDEO_RGB,1,,8d3bd04cc1ca6c59a27af40de9d646dd45d5cbb6,2076890
VIDEO_RGB/kick_service/p23_serkick_s3.avi,https://raw.githubusercontent.com/THETIS-dataset/dataset/main/VIDEO_RGB/kick_service/p23_serkick_s3.avi,p23_serkick_s3.avi,p23,23,beginner,0,serkick,3,kick_service,VIDEO_RGB,1,,ad5cb04c9ad03ad62daa3495a1852bb53d79c130,1904538
VIDEO_RGB/kick_service/p24_serkick_s1.avi,https://raw.githubusercontent.com/THETIS-dataset/dataset/main/VIDEO_RGB/kick_service/p24_serkick_s1.avi,p24_serkick_s1.avi,p24,24,beginner,0,serkick,1,kick_service,VIDEO_RGB,1,,c76a01780b96c3156f0f7c55283714a4998ce93f,1987298
VIDEO_RGB/kick_service/p24_serkick_s2.avi,https://raw.githubusercontent.com/THETIS-dataset/dataset/main/VIDEO_RGB/kick_service/p24_serkick_s2.avi,p24_serkick_s2.avi,p24,24,beginner,0,serkick,2,kick_service,VIDEO_RGB,1,,109c4d47c63dd96329eabbc189734cb2beb87aba,2123424
VIDEO_RGB/kick_service/p24_serkick_s3.avi,https://raw.githubusercontent.com/THETIS-dataset/dataset/main/VIDEO_RGB/kick_service/p24_serkick_s3.avi,p24_serkick_s3.avi,p24,24,beginner,0,serkick,3,kick_service,VIDEO_RGB,1,,21915cc6037b0e0d5616f517109b640848af5a8e,1920368
VIDEO_RGB/kick_service/p25_serkick_s1.avi,https://raw.githubusercontent.com/THETIS-dataset/dataset/main/VIDEO_RGB/kick_service/p25_serkick_s1.avi,p25_serkick_s1.avi,p25,25,beginner,0,serkick,1,kick_service,VIDEO_RGB,1,,b1d98fe8b95160cc9bfd4d4b22641c17cd2d6062,1951808
VIDEO_RGB/kick_service/p25_serkick_s2.avi,https://raw.githubusercontent.com/THETIS-dataset/dataset/main/VIDEO_RGB/kick_service/p25_serkick_s2.avi,p25_serkick_s2.avi,p25,25,beginner,0,serkick,2,kick_service,VIDEO_RGB,1,,de3ce4a5d90b1b100344fc76972daebdf4f1cbbb,1701490
VIDEO_RGB/kick_service/p25_serkick_s3.avi,https://raw.githubusercontent.com/THETIS-dataset/dataset/main/VIDEO_RGB/kick_service/p25_serkick_s3.avi,p25_serkick_s3.avi,p25,25,beginner,0,serkick,3,kick_service,VIDEO_RGB,1,,7f780daeddcbc566192371fce0381992e1f01bb4,1791192
VIDEO_RGB/kick_service/p26_serkick_s1.avi,https://raw.githubusercontent.com/THETIS-dataset/dataset/main/VIDEO_RGB/kick_service/p26_serkick_s1.avi,p26_serkick_s1.avi,p26,26,beginner,0,serkick,1,kick_service,VIDEO_RGB,1,,ef563a21da48b541b7ce1aa19d9e164d00241255,2116838
VIDEO_RGB/kick_service/p26_serkick_s2.avi,https://raw.githubusercontent.com/THETIS-dataset/dataset/main/VIDEO_RGB/kick_service/p26_serkick_s2.avi,p26_serkick_s2.avi,p26,26,beginner,0,serkick,2,kick_service,VIDEO_RGB,1,,c97c67b3e3c6a1b3532388d73074ae72a1cc2d59,2380688
VIDEO_RGB/kick_service/p26_serkick_s3.avi,https://raw.githubusercontent.com/THETIS-dataset/dataset/main/VIDEO_RGB/kick_service/p26_serkick_s3.avi,p26_serkick_s3.avi,p26,26,beginner,0,serkick,3,kick_service,VIDEO_RGB,1,,f5858aa5803f88afeb51ce7b0407273d637a9092,2240088
VIDEO_RGB/kick_service/p27_serkick_s1.avi,https://raw.githubusercontent.com/THETIS-dataset/dataset/main/VIDEO_RGB/kick_service/p27_serkick_s1.avi,p27_serkick_s1.avi,p27,27,beginner,0,serkick,1,kick_service,VIDEO_RGB,1,,246da40dae8c98cf5b87cc5b056de2cd9658a7f8,1866164
VIDEO_RGB/kick_service/p27_serkick_s2.avi,https://raw.githubusercontent.com/THETIS-dataset/dataset/main/VIDEO_RGB/kick_service/p27_serkick_s2.avi,p27_serkick_s2.avi,p27,27,beginner,0,serkick,2,kick_service,VIDEO_RGB,1,,0a324853f34208c0b3ce7144269be7a55c73c84e,1776350
VIDEO_RGB/kick_service/p27_serkick_s3.avi,https://raw.githubusercontent.com/THETIS-dataset/dataset/main/VIDEO_RGB/kick_service/p27_serkick_s3.avi,p27_serkick_s3.avi,p27,27,beginner,0,serkick,3,kick_service,VIDEO_RGB,1,,a9034985d418b94921aa989d80dafbad624bb96c,2001452
VIDEO_RGB/kick_service/p28_serkick_s1.avi,https://raw.githubusercontent.com/THETIS-dataset/dataset/main/VIDEO_RGB/kick_service/p28_serkick_s1.avi,p28_serkick_s1.avi,p28,28,beginner,0,serkick,1,kick_service,VIDEO_RGB,1,,51d9ce082b41febc6410a09b94e029a172cc073b,1901598
VIDEO_RGB/kick_service/p28_serkick_s2.avi,https://raw.githubusercontent.com/THETIS-dataset/dataset/main/VIDEO_RGB/kick_service/p28_serkick_s2.avi,p28_serkick_s2.avi,p28,28,beginner,0,serkick,2,kick_service,VIDEO_RGB,1,,c602bac17a3428f580bd35bdd962e10ebc093c86,2307998
VIDEO_RGB/kick_service/p28_serkick_s3.avi,https://raw.githubusercontent.com/THETIS-dataset/dataset/main/VIDEO_RGB/kick_service/p28_serkick_s3.avi,p28_serkick_s3.avi,p28,28,beginner,0,serkick,3,kick_service,VIDEO_RGB,1,,a9a71830aa55df329119af92b13a1dec29aa6df4,2444372
VIDEO_RGB/kick_service/p29_serkick_s1.avi,https://raw.githubusercontent.com/THETIS-dataset/dataset/main/VIDEO_RGB/kick_service/p29_serkick_s1.avi,p29_serkick_s1.avi,p29,29,beginner,0,serkick,1,kick_service,VIDEO_RGB,1,,e297a31560e182078c98cdb392d8062ca9a4fb68,1855184
VIDEO_RGB/kick_service/p29_serkick_s2.avi,https://raw.githubusercontent.com/THETIS-dataset/dataset/main/VIDEO_RGB/kick_service/p29_serkick_s2.avi,p29_serkick_s2.avi,p29,29,beginner,0,serkick,2,kick_service,VIDEO_RGB,1,,4d0bfd42d88430b36449ad80c7e8dfc4978dee25,2092740
VIDEO_RGB/kick_service/p29_serkick_s3.avi,https://raw.githubusercontent.com/THETIS-dataset/dataset/main/VIDEO_RGB/kick_service/p29_serkick_s3.avi,p29_serkick_s3.avi,p29,29,beginner,0,serkick,3,kick_service,VIDEO_RGB,1,,df929103a9549b29dabcbe223f3688a3dd6dff04,1830810
VIDEO_RGB/kick_service/p30_serkick_s1.avi,https://raw.githubusercontent.com/THETIS-dataset/dataset/main/VIDEO_RGB/kick_service/p30_serkick_s1.avi,p30_serkick_s1.avi,p30,30,beginner,0,serkick,1,kick_service,VIDEO_RGB,1,,a50a4a002c1d3f28e2601b04cd623f022b846fd5,2083118
VIDEO_RGB/kick_service/p30_serkick_s2.avi,https://raw.githubusercontent.com/THETIS-dataset/dataset/main/VIDEO_RGB/kick_service/p30_serkick_s2.avi,p30_serkick_s2.avi,p30,30,beginner,0,serkick,2,kick_service,VIDEO_RGB,1,,5a084848fca27999a88819565ed68907c7ea7a47,2283528
VIDEO_RGB/kick_service/p30_serkick_s3.avi,https://raw.githubusercontent.com/THETIS-dataset/dataset/main/VIDEO_RGB/kick_service/p30_serkick_s3.avi,p30_serkick_s3.avi,p30,30,beginner,0,serkick,3,kick_service,VIDEO_RGB,1,,f7e07c73dc1c60ac48e07b26f2b1382f7879f0c1,2135142
VIDEO_RGB/kick_service/p31_serkick_s1.avi,https://raw.githubusercontent.com/THETIS-dataset/dataset/main/VIDEO_RGB/kick_service/p31_serkick_s1.avi,p31_serkick_s1.avi,p31,31,beginner,0,serkick,1,kick_service,VIDEO_RGB,1,,dcad23e20a014327d58b5caeb6921ed20410ed9a,2145132
VIDEO_RGB/kick_service/p31_serkick_s2.avi,https://raw.githubusercontent.com/THETIS-dataset/dataset/main/VIDEO_RGB/kick_service/p31_serkick_s2.avi,p31_serkick_s2.avi,p31,31,beginner,0,serkick,2,kick_service,VIDEO_RGB,1,,dfc3439c1508f4e8a903eede32849178beb05bee,2467080
VIDEO_RGB/kick_service/p31_serkick_s3.avi,https://raw.githubusercontent.com/THETIS-dataset/dataset/main/VIDEO_RGB/kick_service/p31_serkick_s3.avi,p31_serkick_s3.avi,p31,31,beginner,0,serkick,3,kick_service,VIDEO_RGB,1,,c0b1c56226d2dbe5b7b5f356644467483d8e232c,2248824
VIDEO_RGB/kick_service/p32_serkick_s1.avi,https://raw.githubusercontent.com/THETIS-dataset/dataset/main/VIDEO_RGB/kick_service/p32_serkick_s1.avi,p32_serkick_s1.avi,p32,32,expert,1,serkick,1,kick_service,VIDEO_RGB,1,,729a97562dd3b977aeafc5a2a89204e987aba768,2903150
VIDEO_RGB/kick_service/p32_serkick_s2.avi,https://raw.githubusercontent.com/THETIS-dataset/dataset/main/VIDEO_RGB/kick_service/p32_serkick_s2.avi,p32_serkick_s2.avi,p32,32,expert,1,serkick,2,kick_service,VIDEO_RGB,1,,10945d3cbbfbc8af4b4912d35719c0a8d57c7f1a,2364776
VIDEO_RGB/kick_service/p32_serkick_s3.avi,https://raw.githubusercontent.com/THETIS-dataset/dataset/main/VIDEO_RGB/kick_service/p32_serkick_s3.avi,p32_serkick_s3.avi,p32,32,expert,1,serkick,3,kick_service,VIDEO_RGB,1,,6d5522f79caa5e45444f86b3157415c8b3f098d8,2270538
VIDEO_RGB/kick_service/p33_serkick_s1.avi,https://raw.githubusercontent.com/THETIS-dataset/dataset/main/VIDEO_RGB/kick_service/p33_serkick_s1.avi,p33_serkick_s1.avi,p33,33,expert,1,serkick,1,kick_service,VIDEO_RGB,1,,502497685a696a42da5b059c4c2875fab5209d3a,1494102
VIDEO_RGB/kick_service/p33_serkick_s2.avi,https://raw.githubusercontent.com/THETIS-dataset/dataset/main/VIDEO_RGB/kick_service/p33_serkick_s2.avi,p33_serkick_s2.avi,p33,33,expert,1,serkick,2,kick_service,VIDEO_RGB,1,,f85d052eac5fd99a2425c0130f70dec42e7c4ce7,1488400
VIDEO_RGB/kick_service/p33_serkick_s3.avi,https://raw.githubusercontent.com/THETIS-dataset/dataset/main/VIDEO_RGB/kick_service/p33_serkick_s3.avi,p33_serkick_s3.avi,p33,33,expert,1,serkick,3,kick_service,VIDEO_RGB,1,,9774f02e980f781a081bf033cfd47717c11cdcc8,1880504
VIDEO_RGB/kick_service/p34_serkick_s1.avi,https://raw.githubusercontent.com/THETIS-dataset/dataset/main/VIDEO_RGB/kick_service/p34_serkick_s1.avi,p34_serkick_s1.avi,p34,34,expert,1,serkick,1,kick_service,VIDEO_RGB,1,,1e2759df17245413e4c997d1f636ddb633cd4cc9,1693840
VIDEO_RGB/kick_service/p34_serkick_s2.avi,https://raw.githubusercontent.com/THETIS-dataset/dataset/main/VIDEO_RGB/kick_service/p34_serkick_s2.avi,p34_serkick_s2.avi,p34,34,expert,1,serkick,2,kick_service,VIDEO_RGB,1,,7607be10488795a57a572a3005572eabacbe5143,1734702
VIDEO_RGB/kick_service/p34_serkick_s3.avi,https://raw.githubusercontent.com/THETIS-dataset/dataset/main/VIDEO_RGB/kick_service/p34_serkick_s3.avi,p34_serkick_s3.avi,p34,34,expert,1,serkick,3,kick_service,VIDEO_RGB,1,,dd7b2afab0ec785282dc036191b9c8f1ef1f64c9,1891906
VIDEO_RGB/kick_service/p35_serkick_s1.avi,https://raw.githubusercontent.com/THETIS-dataset/dataset/main/VIDEO_RGB/kick_service/p35_serkick_s1.avi,p35_serkick_s1.avi,p35,35,expert,1,serkick,1,kick_service,VIDEO_RGB,1,,0583839e7e79b81cdf2eaedafe9b7440474d2b4e,1562938
VIDEO_RGB/kick_service/p35_serkick_s2.avi,https://raw.githubusercontent.com/THETIS-dataset/dataset/main/VIDEO_RGB/kick_service/p35_serkick_s2.avi,p35_serkick_s2.avi,p35,35,expert,1,serkick,2,kick_service,VIDEO_RGB,1,,1ea2bc183419649fb249675c9669b7f975d3377a,1803200
VIDEO_RGB/kick_service/p35_serkick_s3.avi,https://raw.githubusercontent.com/THETIS-dataset/dataset/main/VIDEO_RGB/kick_service/p35_serkick_s3.avi,p35_serkick_s3.avi,p35,35,expert,1,serkick,3,kick_service,VIDEO_RGB,1,,ac28451a02899bf24bc9750d2e7f9d9eee9b3296,1671576
VIDEO_RGB/kick_service/p36_serkick_s1.avi,https://raw.githubusercontent.com/THETIS-dataset/dataset/main/VIDEO_RGB/kick_service/p36_serkick_s1.avi,p36_serkick_s1.avi,p36,36,expert,1,serkick,1,kick_service,VIDEO_RGB,1,,1c449ca21a85aaff09dd606253e404d4e3a72035,1363944
VIDEO_RGB/kick_service/p36_serkick_s2.avi,https://raw.githubusercontent.com/THETIS-dataset/dataset/main/VIDEO_RGB/kick_service/p36_serkick_s2.avi,p36_serkick_s2.avi,p36,36,expert,1,serkick,2,kick_service,VIDEO_RGB,1,,fe4c13d2fb4a04cad21e82950d388dee501bca8a,1086444
VIDEO_RGB/kick_service/p36_serkick_s3.avi,https://raw.githubusercontent.com/THETIS-dataset/dataset/main/VIDEO_RGB/kick_service/p36_serkick_s3.avi,p36_serkick_s3.avi,p36,36,expert,1,serkick,3,kick_service,VIDEO_RGB,1,,6cb66ed54cb2ff013c54cdb18a731e6d87f707f6,1538318
VIDEO_RGB/kick_service/p37_serkick_s1.avi,https://raw.githubusercontent.com/THETIS-dataset/dataset/main/VIDEO_RGB/kick_service/p37_serkick_s1.avi,p37_serkick_s1.avi,p37,37,expert,1,serkick,1,kick_service,VIDEO_RGB,1,,15d988cb42304cc0a41ab30d199c834e2493c5c5,1797428
VIDEO_RGB/kick_service/p37_serkick_s2.avi,https://raw.githubusercontent.com/THETIS-dataset/dataset/main/VIDEO_RGB/kick_service/p37_serkick_s2.avi,p37_serkick_s2.avi,p37,37,expert,1,serkick,2,kick_service,VIDEO_RGB,1,,6910fecbfb46e60e5d2a5f1dcea1523e221d4763,1907406
VIDEO_RGB/kick_service/p37_serkick_s3.avi,https://raw.githubusercontent.com/THETIS-dataset/dataset/main/VIDEO_RGB/kick_service/p37_serkick_s3.avi,p37_serkick_s3.avi,p37,37,expert,1,serkick,3,kick_service,VIDEO_RGB,1,,0392fe4b0ab20d35eb3dc4fce44ed9ca5a86b5d1,1953504
VIDEO_RGB/kick_service/p38_serkick_s1.avi,https://raw.githubusercontent.com/THETIS-dataset/dataset/main/VIDEO_RGB/kick_service/p38_serkick_s1.avi,p38_serkick_s1.avi,p38,38,expert,1,serkick,1,kick_service,VIDEO_RGB,1,,de364bc15b052f8e68ac6f1aa5a61f01a11e3c0c,2066274
VIDEO_RGB/kick_service/p38_serkick_s2.avi,https://raw.githubusercontent.com/THETIS-dataset/dataset/main/VIDEO_RGB/kick_service/p38_serkick_s2.avi,p38_serkick_s2.avi,p38,38,expert,1,serkick,2,kick_service,VIDEO_RGB,1,,89ecfedd3372a9c630941866118f2c7173c6816c,2115050
VIDEO_RGB/kick_service/p38_serkick_s3.avi,https://raw.githubusercontent.com/THETIS-dataset/dataset/main/VIDEO_RGB/kick_service/p38_serkick_s3.avi,p38_serkick_s3.avi,p38,38,expert,1,serkick,3,kick_service,VIDEO_RGB,1,,f2cdd8b26c0ca5b9419ab8bb7d3f74bfd3842de6,2429992
VIDEO_RGB/kick_service/p39_serkick_s1.avi,https://raw.githubusercontent.com/THETIS-dataset/dataset/main/VIDEO_RGB/kick_service/p39_serkick_s1.avi,p39_serkick_s1.avi,p39,39,expert,1,serkick,1,kick_service,VIDEO_RGB,1,,0e5a2c2b1f5519f5bceb9c51c13870c02d58a40c,2600472
VIDEO_RGB/kick_service/p39_serkick_s2.avi,https://raw.githubusercontent.com/THETIS-dataset/dataset/main/VIDEO_RGB/kick_service/p39_serkick_s2.avi,p39_serkick_s2.avi,p39,39,expert,1,serkick,2,kick_service,VIDEO_RGB,1,,5be356aecd98879eb93bd34cb8b1e3d3f5ede3c1,2869392
VIDEO_RGB/kick_service/p39_serkick_s3.avi,https://raw.githubusercontent.com/THETIS-dataset/dataset/main/VIDEO_RGB/kick_service/p39_serkick_s3.avi,p39_serkick_s3.avi,p39,39,expert,1,serkick,3,kick_service,VIDEO_RGB,1,,3709f274392fae861a1a6727a1dc9d6cbe193cac,2990850
VIDEO_RGB/kick_service/p40_serkick_s1.avi,https://raw.githubusercontent.com/THETIS-dataset/dataset/main/VIDEO_RGB/kick_service/p40_serkick_s1.avi,p40_serkick_s1.avi,p40,40,expert,1,serkick,1,kick_service,VIDEO_RGB,1,,191cbe35454f9c48bc19aa17d5efeb051b9358f8,1848584
VIDEO_RGB/kick_service/p40_serkick_s2.avi,https://raw.githubusercontent.com/THETIS-dataset/dataset/main/VIDEO_RGB/kick_service/p40_serkick_s2.avi,p40_serkick_s2.avi,p40,40,expert,1,serkick,2,kick_service,VIDEO_RGB,1,,7e177e7cd337355b9084e81c44c5493494b5906e,2037120
VIDEO_RGB/kick_service/p40_serkick_s3.avi,https://raw.githubusercontent.com/THETIS-dataset/dataset/main/VIDEO_RGB/kick_service/p40_serkick_s3.avi,p40_serkick_s3.avi,p40,40,expert,1,serkick,3,kick_service,VIDEO_RGB,1,,51234b6c1356543f2bcbb3f5ec1da10617171764,1837998
VIDEO_RGB/kick_service/p41_serkick_s1.avi,https://raw.githubusercontent.com/THETIS-dataset/dataset/main/VIDEO_RGB/kick_service/p41_serkick_s1.avi,p41_serkick_s1.avi,p41,41,expert,1,serkick,1,kick_service,VIDEO_RGB,1,,ef183efd546dd2899411c38d9f44c8d78d3a4230,1657594
VIDEO_RGB/kick_service/p41_serkick_s2.avi,https://raw.githubusercontent.com/THETIS-dataset/dataset/main/VIDEO_RGB/kick_service/p41_serkick_s2.avi,p41_serkick_s2.avi,p41,41,expert,1,serkick,2,kick_service,VIDEO_RGB,1,,689c036283878a344322e71ff602224e7fec7cdb,1531582
VIDEO_RGB/kick_service/p41_serkick_s3.avi,https://raw.githubusercontent.com/THETIS-dataset/dataset/main/VIDEO_RGB/kick_service/p41_serkick_s3.avi,p41_serkick_s3.avi,p41,41,expert,1,serkick,3,kick_service,VIDEO_RGB,1,,6c1e7a1591d9ae50aaf73a6565b6df23f5e39c59,1502446
VIDEO_RGB/kick_service/p42_serkick_s1.avi,https://raw.githubusercontent.com/THETIS-dataset/dataset/main/VIDEO_RGB/kick_service/p42_serkick_s1.avi,p42_serkick_s1.avi,p42,42,expert,1,serkick,1,kick_service,VIDEO_RGB,1,,8ccddb922781fbedba59f9528dacd96cb9309d28,2314932
VIDEO_RGB/kick_service/p42_serkick_s2.avi,https://raw.githubusercontent.com/THETIS-dataset/dataset/main/VIDEO_RGB/kick_service/p42_serkick_s2.avi,p42_serkick_s2.avi,p42,42,expert,1,serkick,2,kick_service,VIDEO_RGB,1,,1731f1b04d60db3c28428343c85128cbeb5a838d,2221648
VIDEO_RGB/kick_service/p42_serkick_s3.avi,https://raw.githubusercontent.com/THETIS-dataset/dataset/main/VIDEO_RGB/kick_service/p42_serkick_s3.avi,p42_serkick_s3.avi,p42,42,expert,1,serkick,3,kick_service,VIDEO_RGB,1,,84fc0c9f621934e6db031c415b23075994cadbfd,2227022
VIDEO_RGB/kick_service/p43_serkick_s1.avi,https://raw.githubusercontent.com/THETIS-dataset/dataset/main/VIDEO_RGB/kick_service/p43_serkick_s1.avi,p43_serkick_s1.avi,p43,43,expert,1,serkick,1,kick_service,VIDEO_RGB,1,,1dfebd7f7246aca39929c3160c274e67b88e7a0d,2401986
VIDEO_RGB/kick_service/p43_serkick_s2.avi,https://raw.githubusercontent.com/THETIS-dataset/dataset/main/VIDEO_RGB/kick_service/p43_serkick_s2.avi,p43_serkick_s2.avi,p43,43,expert,1,serkick,2,kick_service,VIDEO_RGB,1,,cd0793fe6b380ff6b3963ea6c06c14051ca90d0e,2403478
VIDEO_RGB/kick_service/p43_serkick_s3.avi,https://raw.githubusercontent.com/THETIS-dataset/dataset/main/VIDEO_RGB/kick_service/p43_serkick_s3.avi,p43_serkick_s3.avi,p43,43,expert,1,serkick,3,kick_service,VIDEO_RGB,1,,c84548cc9f02c3e206eeb0ffaa4e2d33d9e00dbc,2777772
VIDEO_RGB/kick_service/p44_serkick_s1.avi,https://raw.githubusercontent.com/THETIS-dataset/dataset/main/VIDEO_RGB/kick_service/p44_serkick_s1.avi,p44_serkick_s1.avi,p44,44,expert,1,serkick,1,kick_service,VIDEO_RGB,1,,dc62422758ccb111ed34723c92e0bb6a5c1fb668,2584912
VIDEO_RGB/kick_service/p44_serkick_s2.avi,https://raw.githubusercontent.com/THETIS-dataset/dataset/main/VIDEO_RGB/kick_service/p44_serkick_s2.avi,p44_serkick_s2.avi,p44,44,expert,1,serkick,2,kick_service,VIDEO_RGB,1,,b040d96fceb11c00d3af3c545719d786a5407d80,2444012
VIDEO_RGB/kick_service/p44_serkick_s3.avi,https://raw.githubusercontent.com/THETIS-dataset/dataset/main/VIDEO_RGB/kick_service/p44_serkick_s3.avi,p44_serkick_s3.avi,p44,44,expert,1,serkick,3,kick_service,VIDEO_RGB,1,,7602f8e1b1b46940585ce5f992d4ccd7f5fb9e83,2748968
VIDEO_RGB/kick_service/p45_serkick_s1.avi,https://raw.githubusercontent.com/THETIS-dataset/dataset/main/VIDEO_RGB/kick_service/p45_serkick_s1.avi,p45_serkick_s1.avi,p45,45,expert,1,serkick,1,kick_service,VIDEO_RGB,1,,1ad01cacc8959e94249e1aef916a6e7ac042767a,1629156
VIDEO_RGB/kick_service/p45_serkick_s2.avi,https://raw.githubusercontent.com/THETIS-dataset/dataset/main/VIDEO_RGB/kick_service/p45_serkick_s2.avi,p45_serkick_s2.avi,p45,45,expert,1,serkick,2,kick_service,VIDEO_RGB,1,,c3cc669c18085387fbe1a63658e2fa977bd97f2e,1448654
VIDEO_RGB/kick_service/p45_serkick_s3.avi,https://raw.githubusercontent.com/THETIS-dataset/dataset/main/VIDEO_RGB/kick_service/p45_serkick_s3.avi,p45_serkick_s3.avi,p45,45,expert,1,serkick,3,kick_service,VIDEO_RGB,1,,2a0232197c80b4cd37843c09f0edf57de64bb898,1610078
VIDEO_RGB/kick_service/p46_serkick_s1.avi,https://raw.githubusercontent.com/THETIS-dataset/dataset/main/VIDEO_RGB/kick_service/p46_serkick_s1.avi,p46_serkick_s1.avi,p46,46,expert,1,serkick,1,kick_service,VIDEO_RGB,1,,8c9f475207240ed98c1d8b3e9e2b2d562883ea77,2014346
VIDEO_RGB/kick_service/p46_serkick_s2.avi,https://raw.githubusercontent.com/THETIS-dataset/dataset/main/VIDEO_RGB/kick_service/p46_serkick_s2.avi,p46_serkick_s2.avi,p46,46,expert,1,serkick,2,kick_service,VIDEO_RGB,1,,e3839ea97d2336367f8489b06bb79616bbb7d108,1669860
VIDEO_RGB/kick_service/p46_serkick_s3.avi,https://raw.githubusercontent.com/THETIS-dataset/dataset/main/VIDEO_RGB/kick_service/p46_serkick_s3.avi,p46_serkick_s3.avi,p46,46,expert,1,serkick,3,kick_service,VIDEO_RGB,1,,d8b8c2961908e2ec9f1c6e62caae74d33f21a96e,2039960
VIDEO_RGB/kick_service/p47_serkick_s1.avi,https://raw.githubusercontent.com/THETIS-dataset/dataset/main/VIDEO_RGB/kick_service/p47_serkick_s1.avi,p47_serkick_s1.avi,p47,47,expert,1,serkick,1,kick_service,VIDEO_RGB,1,,7d86a38a07877d9f020e8017a60ae735024abcc0,2540524
VIDEO_RGB/kick_service/p47_serkick_s2.avi,https://raw.githubusercontent.com/THETIS-dataset/dataset/main/VIDEO_RGB/kick_service/p47_serkick_s2.avi,p47_serkick_s2.avi,p47,47,expert,1,serkick,2,kick_service,VIDEO_RGB,1,,af5c11eb89e6c155d8433ff3f973a5a0259ed3e2,3232272
VIDEO_RGB/kick_service/p47_serkick_s3.avi,https://raw.githubusercontent.com/THETIS-dataset/dataset/main/VIDEO_RGB/kick_service/p47_serkick_s3.avi,p47_serkick_s3.avi,p47,47,expert,1,serkick,3,kick_service,VIDEO_RGB,1,,be6bf7a11fffb08873c8617756eda586e1711b5b,2576106
VIDEO_RGB/kick_service/p48_serkick_s1.avi,https://raw.githubusercontent.com/THETIS-dataset/dataset/main/VIDEO_RGB/kick_service/p48_serkick_s1.avi,p48_serkick_s1.avi,p48,48,expert,1,serkick,1,kick_service,VIDEO_RGB,1,,bcac14031368a0d08350fafb98b45deade43c270,2847240
VIDEO_RGB/kick_service/p48_serkick_s2.avi,https://raw.githubusercontent.com/THETIS-dataset/dataset/main/VIDEO_RGB/kick_service/p48_serkick_s2.avi,p48_serkick_s2.avi,p48,48,expert,1,serkick,2,kick_service,VIDEO_RGB,1,,33bf3874ff02bb2047a7b85b74510ea46efb8522,3310946
VIDEO_RGB/kick_service/p48_serkick_s3.avi,https://raw.githubusercontent.com/THETIS-dataset/dataset/main/VIDEO_RGB/kick_service/p48_serkick_s3.avi,p48_serkick_s3.avi,p48,48,expert,1,serkick,3,kick_service,VIDEO_RGB,1,,165dbec590f33dcb076d85c905b83f5d586dd7d0,3405026
VIDEO_RGB/kick_service/p49_serkick_s1.avi,https://raw.githubusercontent.com/THETIS-dataset/dataset/main/VIDEO_RGB/kick_service/p49_serkick_s1.avi,p49_serkick_s1.avi,p49,49,expert,1,serkick,1,kick_service,VIDEO_RGB,1,,eb9cff81365787a98e26d2c73bc13eb938554340,3843560
VIDEO_RGB/kick_service/p49_serkick_s2.avi,https://raw.githubusercontent.com/THETIS-dataset/dataset/main/VIDEO_RGB/kick_service/p49_serkick_s2.avi,p49_serkick_s2.avi,p49,49,expert,1,serkick,2,kick_service,VIDEO_RGB,1,,9c3b9491ce3c34855386091c50282f11b52ec900,3048004
VIDEO_RGB/kick_service/p49_serkick_s3.avi,https://raw.githubusercontent.com/THETIS-dataset/dataset/main/VIDEO_RGB/kick_service/p49_serkick_s3.avi,p49_serkick_s3.avi,p49,49,expert,1,serkick,3,kick_service,VIDEO_RGB,1,,bc128fd1f309854ef16e0727fb2e7ee6beb955e9,3511984
VIDEO_RGB/kick_service/p50_serkick_s1.avi,https://raw.githubusercontent.com/THETIS-dataset/dataset/main/VIDEO_RGB/kick_service/p50_serkick_s1.avi,p50_serkick_s1.avi,p50,50,expert,1,serkick,1,kick_service,VIDEO_RGB,1,,100ec402e3ac3df1fd3d1075ba6daf8a8007dac4,3760108
VIDEO_RGB/kick_service/p50_serkick_s2.avi,https://raw.githubusercontent.com/THETIS-dataset/dataset/main/VIDEO_RGB/kick_service/p50_serkick_s2.avi,p50_serkick_s2.avi,p50,50,expert,1,serkick,2,kick_service,VIDEO_RGB,1,,e585529e9f1562846b18ba43f6c2ab84e6dd2e2c,4326092
VIDEO_RGB/kick_service/p50_serkick_s3.avi,https://raw.githubusercontent.com/THETIS-dataset/dataset/main/VIDEO_RGB/kick_service/p50_serkick_s3.avi,p50_serkick_s3.avi,p50,50,expert,1,serkick,3,kick_service,VIDEO_RGB,1,,898a33cd3e693127c89b388f1b8cebd3ef6dd2e0,4570640
VIDEO_RGB/kick_service/p51_serkick_s1.avi,https://raw.githubusercontent.com/THETIS-dataset/dataset/main/VIDEO_RGB/kick_service/p51_serkick_s1.avi,p51_serkick_s1.avi,p51,51,expert,1,serkick,1,kick_service,VIDEO_RGB,1,,189a3f358d784424bbc0a23f8978cf893f591995,4983752
VIDEO_RGB/kick_service/p51_serkick_s2.avi,https://raw.githubusercontent.com/THETIS-dataset/dataset/main/VIDEO_RGB/kick_service/p51_serkick_s2.avi,p51_serkick_s2.avi,p51,51,expert,1,serkick,2,kick_service,VIDEO_RGB,1,,b3e2062022ccf8a2b89f8ce43ae3e8f81730ccc8,4536480
VIDEO_RGB/kick_service/p51_serkick_s3.avi,https://raw.githubusercontent.com/THETIS-dataset/dataset/main/VIDEO_RGB/kick_service/p51_serkick_s3.avi,p51_serkick_s3.avi,p51,51,expert,1,serkick,3,kick_service,VIDEO_RGB,1,,f73bbe5ad33159f631211c3150c19401b29c603c,4244366
VIDEO_RGB/kick_service/p52_serkick_s1.avi,https://raw.githubusercontent.com/THETIS-dataset/dataset/main/VIDEO_RGB/kick_service/p52_serkick_s1.avi,p52_serkick_s1.avi,p52,52,expert,1,serkick,1,kick_service,VIDEO_RGB,1,,28f823d0e3c483e824320dfb6926e89aa868bb7b,2674780
VIDEO_RGB/kick_service/p52_serkick_s2.avi,https://raw.githubusercontent.com/THETIS-dataset/dataset/main/VIDEO_RGB/kick_service/p52_serkick_s2.avi,p52_serkick_s2.avi,p52,52,expert,1,serkick,2,kick_service,VIDEO_RGB,1,,acdf5b7fbeed9a8beb08b2162c8fb24b848dd848,2730556
VIDEO_RGB/kick_service/p52_serkick_s3.avi,https://raw.githubusercontent.com/THETIS-dataset/dataset/main/VIDEO_RGB/kick_service/p52_serkick_s3.avi,p52_serkick_s3.avi,p52,52,expert,1,serkick,3,kick_service,VIDEO_RGB,1,,501b878e13bee00c13886ee389baac82bfbfd658,2628500
VIDEO_RGB/kick_service/p53_serkick_s1.avi,https://raw.githubusercontent.com/THETIS-dataset/dataset/main/VIDEO_RGB/kick_service/p53_serkick_s1.avi,p53_serkick_s1.avi,p53,53,expert,1,serkick,1,kick_service,VIDEO_RGB,1,,365edbb8ef54b759a67b1dd89f5492b037af8edd,2853438
VIDEO_RGB/kick_service/p53_serkick_s2.avi,https://raw.githubusercontent.com/THETIS-dataset/dataset/main/VIDEO_RGB/kick_service/p53_serkick_s2.avi,p53_serkick_s2.avi,p53,53,expert,1,serkick,2,kick_service,VIDEO_RGB,1,,c4cb5b16fdb14b7505ad6166d6175cebc92982f0,2418524
VIDEO_RGB/kick_service/p53_serkick_s3.avi,https://raw.githubusercontent.com/THETIS-dataset/dataset/main/VIDEO_RGB/kick_service/p53_serkick_s3.avi,p53_serkick_s3.avi,p53,53,expert,1,serkick,3,kick_service,VIDEO_RGB,1,,a9c6c23b91fe73f99c9023bfe938aedff9e51104,2796856
VIDEO_RGB/kick_service/p54_serkick_s1.avi,https://raw.githubusercontent.com/THETIS-dataset/dataset/main/VIDEO_RGB/kick_service/p54_serkick_s1.avi,p54_serkick_s1.avi,p54,54,expert,1,serkick,1,kick_service,VIDEO_RGB,1,,e344ae1f2422e4e2e18dba4863e03feeee3b9951,2732594
VIDEO_RGB/kick_service/p54_serkick_s2.avi,https://raw.githubusercontent.com/THETIS-dataset/dataset/main/VIDEO_RGB/kick_service/p54_serkick_s2.avi,p54_serkick_s2.avi,p54,54,expert,1,serkick,2,kick_service,VIDEO_RGB,1,,381ed23f3eb0897783d6f1fecdef0aa23c07a3ad,2500918
VIDEO_RGB/kick_service/p54_serkick_s3.avi,https://raw.githubusercontent.com/THETIS-dataset/dataset/main/VIDEO_RGB/kick_service/p54_serkick_s3.avi,p54_serkick_s3.avi,p54,54,expert,1,serkick,3,kick_service,VIDEO_RGB,1,,d53c4ffaa5c6b92d837277b53e463f07e58430ca,2545518
VIDEO_RGB/kick_service/p55_serkick_s1.avi,https://raw.githubusercontent.com/THETIS-dataset/dataset/main/VIDEO_RGB/kick_service/p55_serkick_s1.avi,p55_serkick_s1.avi,p55,55,expert,1,serkick,1,kick_service,VIDEO_RGB,1,,1e93c1afb1434b01899ad6f7cd77dd61b4a5819a,2200694
VIDEO_RGB/kick_service/p55_serkick_s2.avi,https://raw.githubusercontent.com/THETIS-dataset/dataset/main/VIDEO_RGB/kick_service/p55_serkick_s2.avi,p55_serkick_s2.avi,p55,55,expert,1,serkick,2,kick_service,VIDEO_RGB,1,,30f48c0afb5231859c22ca902ed1d52b3c718a96,1868352
VIDEO_RGB/kick_service/p55_serkick_s3.avi,https://raw.githubusercontent.com/THETIS-dataset/dataset/main/VIDEO_RGB/kick_service/p55_serkick_s3.avi,p55_serkick_s3.avi,p55,55,expert,1,serkick,3,kick_service,VIDEO_RGB,1,,f0aa7eff2da718a53b68f5b5f70da1dc0441b971,1976662
VIDEO_RGB/smash/p1_smash_s1.avi,https://raw.githubusercontent.com/THETIS-dataset/dataset/main/VIDEO_RGB/smash/p1_smash_s1.avi,p1_smash_s1.avi,p1,1,beginner,0,smash,1,smash,VIDEO_RGB,1,,38ade29e11f46535bfb84f764114e2816048998b,1431918
VIDEO_RGB/smash/p1_smash_s2.avi,https://raw.githubusercontent.com/THETIS-dataset/dataset/main/VIDEO_RGB/smash/p1_smash_s2.avi,p1_smash_s2.avi,p1,1,beginner,0,smash,2,smash,VIDEO_RGB,1,,1fcc256c98fb4caa6c314df93c6990ce4b6fe880,1625074
VIDEO_RGB/smash/p1_smash_s3.avi,https://raw.githubusercontent.com/THETIS-dataset/dataset/main/VIDEO_RGB/smash/p1_smash_s3.avi,p1_smash_s3.avi,p1,1,beginner,0,smash,3,smash,VIDEO_RGB,1,,6b728544bb7cf6efad4580ae19eb9190f62196c3,1397394
VIDEO_RGB/smash/p2_smash_s1.avi,https://raw.githubusercontent.com/THETIS-dataset/dataset/main/VIDEO_RGB/smash/p2_smash_s1.avi,p2_smash_s1.avi,p2,2,beginner,0,smash,1,smash,VIDEO_RGB,1,,586b9b804b5f446b7f71a9a4b14b734d29ad89d7,1737674
VIDEO_RGB/smash/p2_smash_s2.avi,https://raw.githubusercontent.com/THETIS-dataset/dataset/main/VIDEO_RGB/smash/p2_smash_s2.avi,p2_smash_s2.avi,p2,2,beginner,0,smash,2,smash,VIDEO_RGB,1,,388eae1cb6d112a3a49505055851dad9753f7e90,1583002
VIDEO_RGB/smash/p2_smash_s3.avi,https://raw.githubusercontent.com/THETIS-dataset/dataset/main/VIDEO_RGB/smash/p2_smash_s3.avi,p2_smash_s3.avi,p2,2,beginner,0,smash,3,smash,VIDEO_RGB,1,,8e09b4ed39be7607f8e5cace659f399b12a58b66,1495328
VIDEO_RGB/smash/p3_smash_s1.avi,https://raw.githubusercontent.com/THETIS-dataset/dataset/main/VIDEO_RGB/smash/p3_smash_s1.avi,p3_smash_s1.avi,p3,3,beginner,0,smash,1,smash,VIDEO_RGB,1,,edebc0c7a10f8af18535b5fe8b528bcc3cd15c44,1648518
VIDEO_RGB/smash/p3_smash_s2.avi,https://raw.githubusercontent.com/THETIS-dataset/dataset/main/VIDEO_RGB/smash/p3_smash_s2.avi,p3_smash_s2.avi,p3,3,beginner,0,smash,2,smash,VIDEO_RGB,1,,e57c033fc207b34e950cb3de209c30e0e4d9108b,1835982
VIDEO_RGB/smash/p3_smash_s3.avi,https://raw.githubusercontent.com/THETIS-dataset/dataset/main/VIDEO_RGB/smash/p3_smash_s3.avi,p3_smash_s3.avi,p3,3,beginner,0,smash,3,smash,VIDEO_RGB,1,,4bc62d6a84c73fec3fb30f5ebc7909ebf35081d2,1601206
VIDEO_RGB/smash/p4_smash_s1.avi,https://raw.githubusercontent.com/THETIS-dataset/dataset/main/VIDEO_RGB/smash/p4_smash_s1.avi,p4_smash_s1.avi,p4,4,beginner,0,smash,1,smash,VIDEO_RGB,1,,a7c35b4626aa70cc36cc5a494fc458382b594dc0,2116576
VIDEO_RGB/smash/p4_smash_s2.avi,https://raw.githubusercontent.com/THETIS-dataset/dataset/main/VIDEO_RGB/smash/p4_smash_s2.avi,p4_smash_s2.avi,p4,4,beginner,0,smash,2,smash,VIDEO_RGB,1,,ec4aa220f15eae51fc7cf1716b3fd2dc12ffb96b,2522838
VIDEO_RGB/smash/p4_smash_s3.avi,https://raw.githubusercontent.com/THETIS-dataset/dataset/main/VIDEO_RGB/smash/p4_smash_s3.avi,p4_smash_s3.avi,p4,4,beginner,0,smash,3,smash,VIDEO_RGB,1,,f0d824ff60fd8cb5f2742582b44b999917b8c9d3,2566814
VIDEO_RGB/smash/p5_smash_s1.avi,https://raw.githubusercontent.com/THETIS-dataset/dataset/main/VIDEO_RGB/smash/p5_smash_s1.avi,p5_smash_s1.avi,p5,5,beginner,0,smash,1,smash,VIDEO_RGB,1,,bfa87862121888fbbf1260c515e2fb3c98f38978,1648966
VIDEO_RGB/smash/p5_smash_s2.avi,https://raw.githubusercontent.com/THETIS-dataset/dataset/main/VIDEO_RGB/smash/p5_smash_s2.avi,p5_smash_s2.avi,p5,5,beginner,0,smash,2,smash,VIDEO_RGB,1,,548290f5a568f94f0f131848f12f22750d02de57,1681942
VIDEO_RGB/smash/p5_smash_s3.avi,https://raw.githubusercontent.com/THETIS-dataset/dataset/main/VIDEO_RGB/smash/p5_smash_s3.avi,p5_smash_s3.avi,p5,5,beginner,0,smash,3,smash,VIDEO_RGB,1,,8bcc92cf69b5d4837f82419e2ddb3485f8048a62,1715308
VIDEO_RGB/smash/p6_smash_s1.avi,https://raw.githubusercontent.com/THETIS-dataset/dataset/main/VIDEO_RGB/smash/p6_smash_s1.avi,p6_smash_s1.avi,p6,6,beginner,0,smash,1,smash,VIDEO_RGB,1,,1022ea5410a21b294377e193e3002863b3a6d6d3,2105686
VIDEO_RGB/smash/p6_smash_s2.avi,https://raw.githubusercontent.com/THETIS-dataset/dataset/main/VIDEO_RGB/smash/p6_smash_s2.avi,p6_smash_s2.avi,p6,6,beginner,0,smash,2,smash,VIDEO_RGB,1,,ccdde97c36d504067dfc30f51c40a65bf414c1f7,2097572
VIDEO_RGB/smash/p6_smash_s3.avi,https://raw.githubusercontent.com/THETIS-dataset/dataset/main/VIDEO_RGB/smash/p6_smash_s3.avi,p6_smash_s3.avi,p6,6,beginner,0,smash,3,smash,VIDEO_RGB,1,,3a78caaac42cb7fd51bf63e199af3e17f7320bb1,1854822
VIDEO_RGB/smash/p7_smash_s1.avi,https://raw.githubusercontent.com/THETIS-dataset/dataset/main/VIDEO_RGB/smash/p7_smash_s1.avi,p7_smash_s1.avi,p7,7,beginner,0,smash,1,smash,VIDEO_RGB,1,,21e9853bd00ea548405ac5901950395a4f4d734c,1534044
VIDEO_RGB/smash/p7_smash_s2.avi,https://raw.githubusercontent.com/THETIS-dataset/dataset/main/VIDEO_RGB/smash/p7_smash_s2.avi,p7_smash_s2.avi,p7,7,beginner,0,smash,2,smash,VIDEO_RGB,1,,a274878ba63ec09f5d92192610b3121ccf142a5f,1645980
VIDEO_RGB/smash/p7_smash_s3.avi,https://raw.githubusercontent.com/THETIS-dataset/dataset/main/VIDEO_RGB/smash/p7_smash_s3.avi,p7_smash_s3.avi,p7,7,beginner,0,smash,3,smash,VIDEO_RGB,1,,57039dca5dc62267794eca19dcd92e0cd2685a32,1691550
VIDEO_RGB/smash/p8_smash_s1.avi,https://raw.githubusercontent.com/THETIS-dataset/dataset/main/VIDEO_RGB/smash/p8_smash_s1.avi,p8_smash_s1.avi,p8,8,beginner,0,smash,1,smash,VIDEO_RGB,1,,e3a6e8e31d15290fcb74f8f0aa81f272ca65b010,1815200
VIDEO_RGB/smash/p8_smash_s2.avi,https://raw.githubusercontent.com/THETIS-dataset/dataset/main/VIDEO_RGB/smash/p8_smash_s2.avi,p8_smash_s2.avi,p8,8,beginner,0,smash,2,smash,VIDEO_RGB,1,,53379be866bc6a9e280bfe9cdfaa0ead3d909b87,1709718
VIDEO_RGB/smash/p8_smash_s3.avi,https://raw.githubusercontent.com/THETIS-dataset/dataset/main/VIDEO_RGB/smash/p8_smash_s3.avi,p8_smash_s3.avi,p8,8,beginner,0,smash,3,smash,VIDEO_RGB,1,,5d621fe0e32275e25ca53f790aed4712debf980b,1673306
VIDEO_RGB/smash/p9_smash_s1.avi,https://raw.githubusercontent.com/THETIS-dataset/dataset/main/VIDEO_RGB/smash/p9_smash_s1.avi,p9_smash_s1.avi,p9,9,beginner,0,smash,1,smash,VIDEO_RGB,1,,e33cb21c26342d7eb145b8fb3628fd91f44cc019,2218320
VIDEO_RGB/smash/p9_smash_s2.avi,https://raw.githubusercontent.com/THETIS-dataset/dataset/main/VIDEO_RGB/smash/p9_smash_s2.avi,p9_smash_s2.avi,p9,9,beginner,0,smash,2,smash,VIDEO_RGB,1,,5f566e7424099f5336f44b61747c57cdb15ec503,2311310
VIDEO_RGB/smash/p9_smash_s3.avi,https://raw.githubusercontent.com/THETIS-dataset/dataset/main/VIDEO_RGB/smash/p9_smash_s3.avi,p9_smash_s3.avi,p9,9,beginner,0,smash,3,smash,VIDEO_RGB,1,,3b14c1d2f6c12b64ec778774b9c6a2a9966150cf,2321420
VIDEO_RGB/smash/p10_smash_s1.avi,https://raw.githubusercontent.com/THETIS-dataset/dataset/main/VIDEO_RGB/smash/p10_smash_s1.avi,p10_smash_s1.avi,p10,10,beginner,0,smash,1,smash,VIDEO_RGB,1,,835c74df94d1d0f325832c6b673c44e5af71ddf8,1787210
VIDEO_RGB/smash/p10_smash_s2.avi,https://raw.githubusercontent.com/THETIS-dataset/dataset/main/VIDEO_RGB/smash/p10_smash_s2.avi,p10_smash_s2.avi,p10,10,beginner,0,smash,2,smash,VIDEO_RGB,1,,79c4658348895a71003ab5d2b8f1febda1047330,1776540
VIDEO_RGB/smash/p10_smash_s3.avi,https://raw.githubusercontent.com/THETIS-dataset/dataset/main/VIDEO_RGB/smash/p10_smash_s3.avi,p10_smash_s3.avi,p10,10,beginner,0,smash,3,smash,VIDEO_RGB,1,,79cbfe472a2f6bcdb03e3a12258c34207a757fd2,1817624
VIDEO_RGB/smash/p11_smash_s1.avi,https://raw.githubusercontent.com/THETIS-dataset/dataset/main/VIDEO_RGB/smash/p11_smash_s1.avi,p11_smash_s1.avi,p11,11,beginner,0,smash,1,smash,VIDEO_RGB,1,,1a4d09e54c4a2289864095e205e92943eeb08b16,1616590
VIDEO_RGB/smash/p11_smash_s2.avi,https://raw.githubusercontent.com/THETIS-dataset/dataset/main/VIDEO_RGB/smash/p11_smash_s2.avi,p11_smash_s2.avi,p11,11,beginner,0,smash,2,smash,VIDEO_RGB,1,,1a6d3c6428c7bc9e5ce4ed91213e58219f646b77,1536224
VIDEO_RGB/smash/p11_smash_s3.avi,https://raw.githubusercontent.com/THETIS-dataset/dataset/main/VIDEO_RGB/smash/p11_smash_s3.avi,p11_smash_s3.avi,p11,11,beginner,0,smash,3,smash,VIDEO_RGB,1,,61b0308757261946630d458e8673f2d9b2d8c9f2,1411626
VIDEO_RGB/smash/p12_smash_s1.avi,https://raw.githubusercontent.com/THETIS-dataset/dataset/main/VIDEO_RGB/smash/p12_smash_s1.avi,p12_smash_s1.avi,p12,12,beginner,0,smash,1,smash,VIDEO_RGB,1,,41872efa58e76da5ab45f2354300a70f7093ac6b,1679294
VIDEO_RGB/smash/p12_smash_s2.avi,https://raw.githubusercontent.com/THETIS-dataset/dataset/main/VIDEO_RGB/smash/p12_smash_s2.avi,p12_smash_s2.avi,p12,12,beginner,0,smash,2,smash,VIDEO_RGB,1,,c3b00c1411629574b669cd81ccb13cab07586109,1463710
VIDEO_RGB/smash/p12_smash_s3.avi,https://raw.githubusercontent.com/THETIS-dataset/dataset/main/VIDEO_RGB/smash/p12_smash_s3.avi,p12_smash_s3.avi,p12,12,beginner,0,smash,3,smash,VIDEO_RGB,1,,a5ecf642a4b402627facc526f51534a80e1b5a6f,1606716
VIDEO_RGB/smash/p13_smash_s1.avi,https://raw.githubusercontent.com/THETIS-dataset/dataset/main/VIDEO_RGB/smash/p13_smash_s1.avi,p13_smash_s1.avi,p13,13,beginner,0,smash,1,smash,VIDEO_RGB,1,,08ac825735fbbc47623f48d5cf76e465fc664cdc,1578800
VIDEO_RGB/smash/p13_smash_s2.avi,https://raw.githubusercontent.com/THETIS-dataset/dataset/main/VIDEO_RGB/smash/p13_smash_s2.avi,p13_smash_s2.avi,p13,13,beginner,0,smash,2,smash,VIDEO_RGB,1,,02ccd963ab1db9465192727a9d8729db44e871ee,1292922
VIDEO_RGB/smash/p13_smash_s3.avi,https://raw.githubusercontent.com/THETIS-dataset/dataset/main/VIDEO_RGB/smash/p13_smash_s3.avi,p13_smash_s3.avi,p13,13,beginner,0,smash,3,smash,VIDEO_RGB,1,,3f3f4a40720b2faa1f0ecc050277e5278dfb6975,1564896
VIDEO_RGB/smash/p14_smash_s1.avi,https://raw.githubusercontent.com/THETIS-dataset/dataset/main/VIDEO_RGB/smash/p14_smash_s1.avi,p14_smash_s1.avi,p14,14,beginner,0,smash,1,smash,VIDEO_RGB,1,,99823dc1db18f2f3c03e17a8b9383baf1494e28a,1091044
VIDEO_RGB/smash/p14_smash_s2.avi,https://raw.githubusercontent.com/THETIS-dataset/dataset/main/VIDEO_RGB/smash/p14_smash_s2.avi,p14_smash_s2.avi,p14,14,beginner,0,smash,2,smash,VIDEO_RGB,1,,89b12404d947f77e3a92455b14a884fcaf503a62,980134
VIDEO_RGB/smash/p14_smash_s3.avi,https://raw.githubusercontent.com/THETIS-dataset/dataset/main/VIDEO_RGB/smash/p14_smash_s3.avi,p14_smash_s3.avi,p14,14,beginner,0,smash,3,smash,VIDEO_RGB,1,,a6151fa0794398beec56b6d1dd70db112ed6cab3,1083130
VIDEO_RGB/smash/p15_smash_s1.avi,https://raw.githubusercontent.com/THETIS-dataset/dataset/main/VIDEO_RGB/smash/p15_smash_s1.avi,p15_smash_s1.avi,p15,15,beginner,0,smash,1,smash,VIDEO_RGB,1,,83796fd678463adc1b35de268e540082f02d7964,1169046
VIDEO_RGB/smash/p15_smash_s2.avi,https://raw.githubusercontent.com/THETIS-dataset/dataset/main/VIDEO_RGB/smash/p15_smash_s2.avi,p15_smash_s2.avi,p15,15,beginner,0,smash,2,smash,VIDEO_RGB,1,,8fca2b18e7195abcc8dcf7419784785d3d41eeb1,1513020
VIDEO_RGB/smash/p15_smash_s3.avi,https://raw.githubusercontent.com/THETIS-dataset/dataset/main/VIDEO_RGB/smash/p15_smash_s3.avi,p15_smash_s3.avi,p15,15,beginner,0,smash,3,smash,VIDEO_RGB,1,,8462d4f072e47c2bba25d139f426e6130ed20cb3,1350932
VIDEO_RGB/smash/p16_smash_s1.avi,https://raw.githubusercontent.com/THETIS-dataset/dataset/main/VIDEO_RGB/smash/p16_smash_s1.avi,p16_smash_s1.avi,p16,16,beginner,0,smash,1,smash,VIDEO_RGB,1,,a767e4e72b0366093562222bda5a3e219bca482f,2136860
VIDEO_RGB/smash/p16_smash_s2.avi,https://raw.githubusercontent.com/THETIS-dataset/dataset/main/VIDEO_RGB/smash/p16_smash_s2.avi,p16_smash_s2.avi,p16,16,beginner,0,smash,2,smash,VIDEO_RGB,1,,f823c7595b394eba65364c1c6ab6d7a8a02e4922,2197652
VIDEO_RGB/smash/p16_smash_s3.avi,https://raw.githubusercontent.com/THETIS-dataset/dataset/main/VIDEO_RGB/smash/p16_smash_s3.avi,p16_smash_s3.avi,p16,16,beginner,0,smash,3,smash,VIDEO_RGB,1,,c537b091b16567935627719c0d766007b06e5678,2528324
VIDEO_RGB/smash/p17_smash_s1.avi,https://raw.githubusercontent.com/THETIS-dataset/dataset/main/VIDEO_RGB/smash/p17_smash_s1.avi,p17_smash_s1.avi,p17,17,beginner,0,smash,1,smash,VIDEO_RGB,1,,3e0eceb4d5c141081e17bddf72ca7c48b2782fe2,1345904
VIDEO_RGB/smash/p17_smash_s2.avi,https://raw.githubusercontent.com/THETIS-dataset/dataset/main/VIDEO_RGB/smash/p17_smash_s2.avi,p17_smash_s2.avi,p17,17,beginner,0,smash,2,smash,VIDEO_RGB,1,,ba7708029089089e14ad4aaa0bffd5a34f1186ad,1102848
VIDEO_RGB/smash/p17_smash_s3.avi,https://raw.githubusercontent.com/THETIS-dataset/dataset/main/VIDEO_RGB/smash/p17_smash_s3.avi,p17_smash_s3.avi,p17,17,beginner,0,smash,3,smash,VIDEO_RGB,1,,9c3974dc07c0fd283f9b0ad250826255f736889d,1262602
VIDEO_RGB/smash/p18_smash_s1.avi,https://raw.githubusercontent.com/THETIS-dataset/dataset/main/VIDEO_RGB/smash/p18_smash_s1.avi,p18_smash_s1.avi,p18,18,beginner,0,smash,1,smash,VIDEO_RGB,1,,a265d10bdc4cf406d8018fc2107ec5cb6b418cdd,1516904
VIDEO_RGB/smash/p18_smash_s2.avi,https://raw.githubusercontent.com/THETIS-dataset/dataset/main/VIDEO_RGB/smash/p18_smash_s2.avi,p18_smash_s2.avi,p18,18,beginner,0,smash,2,smash,VIDEO_RGB,1,,647898f236364f880e1faaedbadb7b40334405e5,1672676
VIDEO_RGB/smash/p18_smash_s3.avi,https://raw.githubusercontent.com/THETIS-dataset/dataset/main/VIDEO_RGB/smash/p18_smash_s3.avi,p18_smash_s3.avi,p18,18,beginner,0,smash,3,smash,VIDEO_RGB,1,,3f5a48f7632454660ec781fca221932820574112,1720520
VIDEO_RGB/smash/p19_smash_s1.avi,https://raw.githubusercontent.com/THETIS-dataset/dataset/main/VIDEO_RGB/smash/p19_smash_s1.avi,p19_smash_s1.avi,p19,19,beginner,0,smash,1,smash,VIDEO_RGB,1,,20fd0c0369031848397117afd8b0aecbbee2cccd,1761550
VIDEO_RGB/smash/p19_smash_s2.avi,https://raw.githubusercontent.com/THETIS-dataset/dataset/main/VIDEO_RGB/smash/p19_smash_s2.avi,p19_smash_s2.avi,p19,19,beginner,0,smash,2,smash,VIDEO_RGB,1,,c10876cc3c728ccbc16e979ac1ab15c538d8bff7,1909432
VIDEO_RGB/smash/p19_smash_s3.avi,https://raw.githubusercontent.com/THETIS-dataset/dataset/main/VIDEO_RGB/smash/p19_smash_s3.avi,p19_smash_s3.avi,p19,19,beginner,0,smash,3,smash,VIDEO_RGB,1,,cd725dad03aef8b17e39bbd44c4e9048bdf76121,1876382
VIDEO_RGB/smash/p20_smash_s1.avi,https://raw.githubusercontent.com/THETIS-dataset/dataset/main/VIDEO_RGB/smash/p20_smash_s1.avi,p20_smash_s1.avi,p20,20,beginner,0,smash,1,smash,VIDEO_RGB,1,,91ed0277a19cf51f1093e72138bc4193fdcc897a,2040616
VIDEO_RGB/smash/p20_smash_s2.avi,https://raw.githubusercontent.com/THETIS-dataset/dataset/main/VIDEO_RGB/smash/p20_smash_s2.avi,p20_smash_s2.avi,p20,20,beginner,0,smash,2,smash,VIDEO_RGB,1,,3f071d3cff8610fede7dfe610782d3a43858a059,1918028
VIDEO_RGB/smash/p20_smash_s3.avi,https://raw.githubusercontent.com/THETIS-dataset/dataset/main/VIDEO_RGB/smash/p20_smash_s3.avi,p20_smash_s3.avi,p20,20,beginner,0,smash,3,smash,VIDEO_RGB,1,,07ea2e6ca7072b56244fe325186c273e86816864,1749366
VIDEO_RGB/smash/p21_smash_s1.avi,https://raw.githubusercontent.com/THETIS-dataset/dataset/main/VIDEO_RGB/smash/p21_smash_s1.avi,p21_smash_s1.avi,p21,21,beginner,0,smash,1,smash,VIDEO_RGB,1,,960ca0e1b36724d7932c55a5617bebb1068f4828,1546132
VIDEO_RGB/smash/p21_smash_s2.avi,https://raw.githubusercontent.com/THETIS-dataset/dataset/main/VIDEO_RGB/smash/p21_smash_s2.avi,p21_smash_s2.avi,p21,21,beginner,0,smash,2,smash,VIDEO_RGB,1,,b57f73e4e3900cb14c8a45559e98d8261f3c1df3,1213916
VIDEO_RGB/smash/p21_smash_s3.avi,https://raw.githubusercontent.com/THETIS-dataset/dataset/main/VIDEO_RGB/smash/p21_smash_s3.avi,p21_smash_s3.avi,p21,21,beginner,0,smash,3,smash,VIDEO_RGB,1,,c83bff1e89a64fc156b4ffbafd2b7b8534aa02a7,1443344
VIDEO_RGB/smash/p22_smash_s1.avi,https://raw.githubusercontent.com/THETIS-dataset/dataset/main/VIDEO_RGB/smash/p22_smash_s1.avi,p22_smash_s1.avi,p22,22,beginner,0,smash,1,smash,VIDEO_RGB,1,,b12810ec5ab7ec31026a37d3a48e4dc59986e0c1,1269046
VIDEO_RGB/smash/p22_smash_s2.avi,https://raw.githubusercontent.com/THETIS-dataset/dataset/main/VIDEO_RGB/smash/p22_smash_s2.avi,p22_smash_s2.avi,p22,22,beginner,0,smash,2,smash,VIDEO_RGB,1,,b870b0a78c39b5ac501b681a29e0edfa1861e753,1529706
VIDEO_RGB/smash/p22_smash_s3.avi,https://raw.githubusercontent.com/THETIS-dataset/dataset/main/VIDEO_RGB/smash/p22_smash_s3.avi,p22_smash_s3.avi,p22,22,beginner,0,smash,3,smash,VIDEO_RGB,1,,c110da2be51dc8f755f0361a6c066609a0d00905,1523862
VIDEO_RGB/smash/p23_smash_s1.avi,https://raw.githubusercontent.com/THETIS-dataset/dataset/main/VIDEO_RGB/smash/p23_smash_s1.avi,p23_smash_s1.avi,p23,23,beginner,0,smash,1,smash,VIDEO_RGB,1,,bbafaace5b433c314054ad059798f47ef1dac2f9,1817642
VIDEO_RGB/smash/p23_smash_s2.avi,https://raw.githubusercontent.com/THETIS-dataset/dataset/main/VIDEO_RGB/smash/p23_smash_s2.avi,p23_smash_s2.avi,p23,23,beginner,0,smash,2,smash,VIDEO_RGB,1,,e6878f7415270074db901c4cf611a71121cb9c5e,1876550
VIDEO_RGB/smash/p23_smash_s3.avi,https://raw.githubusercontent.com/THETIS-dataset/dataset/main/VIDEO_RGB/smash/p23_smash_s3.avi,p23_smash_s3.avi,p23,23,beginner,0,smash,3,smash,VIDEO_RGB,1,,b5df30bd17730f1a2c9af7fb43d85d371294c1d2,2093608
VIDEO_RGB/smash/p24_smash_s1.avi,https://raw.githubusercontent.com/THETIS-dataset/dataset/main/VIDEO_RGB/smash/p24_smash_s1.avi,p24_smash_s1.avi,p24,24,beginner,0,smash,1,smash,VIDEO_RGB,1,,64b97eebd000ddd36871bedf4623ca14eb1552fa,2178812
VIDEO_RGB/smash/p24_smash_s2.avi,https://raw.githubusercontent.com/THETIS-dataset/dataset/main/VIDEO_RGB/smash/p24_smash_s2.avi,p24_smash_s2.avi,p24,24,beginner,0,smash,2,smash,VIDEO_RGB,1,,9e8af881441ff92f724e3faa0f74c36ee7f71b7f,2546142
VIDEO_RGB/smash/p24_smash_s3.avi,https://raw.githubusercontent.com/THETIS-dataset/dataset/main/VIDEO_RGB/smash/p24_smash_s3.avi,p24_smash_s3.avi,p24,24,beginner,0,smash,3,smash,VIDEO_RGB,1,,fb70edd1f5ad753f753cf0846e9e181bd255bdbc,2036670
VIDEO_RGB/smash/p25_smash_s1.avi,https://raw.githubusercontent.com/THETIS-dataset/dataset/main/VIDEO_RGB/smash/p25_smash_s1.avi,p25_smash_s1.avi,p25,25,beginner,0,smash,1,smash,VIDEO_RGB,1,,b1c766d9f4f713a801b75e5ee0ffc8e2bd0f6474,2153744
VIDEO_RGB/smash/p25_smash_s2.avi,https://raw.githubusercontent.com/THETIS-dataset/dataset/main/VIDEO_RGB/smash/p25_smash_s2.avi,p25_smash_s2.avi,p25,25,beginner,0,smash,2,smash,VIDEO_RGB,1,,c304d3d5bac83d9f6354d46260cd82b93218b110,2054818
VIDEO_RGB/smash/p25_smash_s3.avi,https://raw.githubusercontent.com/THETIS-dataset/dataset/main/VIDEO_RGB/smash/p25_smash_s3.avi,p25_smash_s3.avi,p25,25,beginner,0,smash,3,smash,VIDEO_RGB,1,,9393e8e0107ece9aba0dc951027988f77d559188,2275250
VIDEO_RGB/smash/p26_smash_s1.avi,https://raw.githubusercontent.com/THETIS-dataset/dataset/main/VIDEO_RGB/smash/p26_smash_s1.avi,p26_smash_s1.avi,p26,26,beginner,0,smash,1,smash,VIDEO_RGB,1,,d8d583b89c2e91aae9efa87a276edad29a56833d,2163842
VIDEO_RGB/smash/p26_smash_s2.avi,https://raw.githubusercontent.com/THETIS-dataset/dataset/main/VIDEO_RGB/smash/p26_smash_s2.avi,p26_smash_s2.avi,p26,26,beginner,0,smash,2,smash,VIDEO_RGB,1,,a09fe02187cf57e40724aa3475e4219e77d6fcb7,2205264
VIDEO_RGB/smash/p26_smash_s3.avi,https://raw.githubusercontent.com/THETIS-dataset/dataset/main/VIDEO_RGB/smash/p26_smash_s3.avi,p26_smash_s3.avi,p26,26,beginner,0,smash,3,smash,VIDEO_RGB,1,,fe6fb1e8d65ddb9990de5d8d5d096cf4892c9ebb,1849136
VIDEO_RGB/smash/p27_smash_s1.avi,https://raw.githubusercontent.com/THETIS-dataset/dataset/main/VIDEO_RGB/smash/p27_smash_s1.avi,p27_smash_s1.avi,p27,27,beginner,0,smash,1,smash,VIDEO_RGB,1,,f99efbb5efeee3e5b7cbdb599ae3371a64e3cae8,1537194
VIDEO_RGB/smash/p27_smash_s2.avi,https://raw.githubusercontent.com/THETIS-dataset/dataset/main/VIDEO_RGB/smash/p27_smash_s2.avi,p27_smash_s2.avi,p27,27,beginner,0,smash,2,smash,VIDEO_RGB,1,,4bccb34ad3ec11c79846e41b70ac6aa15227f236,1656582
VIDEO_RGB/smash/p27_smash_s3.avi,https://raw.githubusercontent.com/THETIS-dataset/dataset/main/VIDEO_RGB/smash/p27_smash_s3.avi,p27_smash_s3.avi,p27,27,beginner,0,smash,3,smash,VIDEO_RGB,1,,7437892066d1c534c067fad8afb1f91b804394c4,1981240
VIDEO_RGB/smash/p28_smash_s1.avi,https://raw.githubusercontent.com/THETIS-dataset/dataset/main/VIDEO_RGB/smash/p28_smash_s1.avi,p28_smash_s1.avi,p28,28,beginner,0,smash,1,smash,VIDEO_RGB,1,,a9daa7520135810b33b502b3ca16c7aae8096cfb,1700910
VIDEO_RGB/smash/p28_smash_s2.avi,https://raw.githubusercontent.com/THETIS-dataset/dataset/main/VIDEO_RGB/smash/p28_smash_s2.avi,p28_smash_s2.avi,p28,28,beginner,0,smash,2,smash,VIDEO_RGB,1,,4a6e83090ab73dac740809ba6e4801fc65874b4a,2045016
VIDEO_RGB/smash/p28_smash_s3.avi,https://raw.githubusercontent.com/THETIS-dataset/dataset/main/VIDEO_RGB/smash/p28_smash_s3.avi,p28_smash_s3.avi,p28,28,beginner,0,smash,3,smash,VIDEO_RGB,1,,0c7a05dd7d920c2cfcb81db7c2567e9f12585da9,2225986
VIDEO_RGB/smash/p29_smash_s1.avi,https://raw.githubusercontent.com/THETIS-dataset/dataset/main/VIDEO_RGB/smash/p29_smash_s1.avi,p29_smash_s1.avi,p29,29,beginner,0,smash,1,smash,VIDEO_RGB,1,,408d503a10da6bacf12232af484984cbc52df272,1816004
VIDEO_RGB/smash/p29_smash_s2.avi,https://raw.githubusercontent.com/THETIS-dataset/dataset/main/VIDEO_RGB/smash/p29_smash_s2.avi,p29_smash_s2.avi,p29,29,beginner,0,smash,2,smash,VIDEO_RGB,1,,4e1e9ae68dfb84d950a02b73c10768fa84dd6f06,1843172
VIDEO_RGB/smash/p29_smash_s3.avi,https://raw.githubusercontent.com/THETIS-dataset/dataset/main/VIDEO_RGB/smash/p29_smash_s3.avi,p29_smash_s3.avi,p29,29,beginner,0,smash,3,smash,VIDEO_RGB,1,,ea70dee7009d1f27d0d0eb4633673886d591e80b,1544478
VIDEO_RGB/smash/p30_smash_s1.avi,https://raw.githubusercontent.com/THETIS-dataset/dataset/main/VIDEO_RGB/smash/p30_smash_s1.avi,p30_smash_s1.avi,p30,30,beginner,0,smash,1,smash,VIDEO_RGB,1,,8c9208f28966508cf8eed88d1287c89941f913ae,1747314
VIDEO_RGB/smash/p30_smash_s2.avi,https://raw.githubusercontent.com/THETIS-dataset/dataset/main/VIDEO_RGB/smash/p30_smash_s2.avi,p30_smash_s2.avi,p30,30,beginner,0,smash,2,smash,VIDEO_RGB,1,,12eb4c518e951be803639759ffcb1658a26f9adc,1541166
VIDEO_RGB/smash/p30_smash_s3.avi,https://raw.githubusercontent.com/THETIS-dataset/dataset/main/VIDEO_RGB/smash/p30_smash_s3.avi,p30_smash_s3.avi,p30,30,beginner,0,smash,3,smash,VIDEO_RGB,1,,60d836498eb2c46456e24d50740866d9f4a1c2da,1829532
VIDEO_RGB/smash/p31_smash_s1.avi,https://raw.githubusercontent.com/THETIS-dataset/dataset/main/VIDEO_RGB/smash/p31_smash_s1.avi,p31_smash_s1.avi,p31,31,beginner,0,smash,1,smash,VIDEO_RGB,1,,d0b7b4e2d3e1b1cc781daaecbd6eb23b6d877cc6,1769646
VIDEO_RGB/smash/p31_smash_s2.avi,https://raw.githubusercontent.com/THETIS-dataset/dataset/main/VIDEO_RGB/smash/p31_smash_s2.avi,p31_smash_s2.avi,p31,31,beginner,0,smash,2,smash,VIDEO_RGB,1,,d610db55feab4ea6a1a23c36c96302aef5699c9a,1858410
VIDEO_RGB/smash/p31_smash_s3.avi,https://raw.githubusercontent.com/THETIS-dataset/dataset/main/VIDEO_RGB/smash/p31_smash_s3.avi,p31_smash_s3.avi,p31,31,beginner,0,smash,3,smash,VIDEO_RGB,1,,ddb88be6025383c4d6613f350b8016df4c92ee11,1921364
VIDEO_RGB/smash/p32_smash_s1.avi,https://raw.githubusercontent.com/THETIS-dataset/dataset/main/VIDEO_RGB/smash/p32_smash_s1.avi,p32_smash_s1.avi,p32,32,expert,1,smash,1,smash,VIDEO_RGB,1,,45a16d9280299d5a1aab572cafc224f0d931fdbc,2205942
VIDEO_RGB/smash/p32_smash_s2.avi,https://raw.githubusercontent.com/THETIS-dataset/dataset/main/VIDEO_RGB/smash/p32_smash_s2.avi,p32_smash_s2.avi,p32,32,expert,1,smash,2,smash,VIDEO_RGB,1,,ef502a9df181dfb9d72440b2c8e4706c3b0eb7e1,1692170
VIDEO_RGB/smash/p32_smash_s3.avi,https://raw.githubusercontent.com/THETIS-dataset/dataset/main/VIDEO_RGB/smash/p32_smash_s3.avi,p32_smash_s3.avi,p32,32,expert,1,smash,3,smash,VIDEO_RGB,1,,caae564d5ba4f00588a8ea7daed1e8791b95ba84,2112314
VIDEO_RGB/smash/p33_smash_s1.avi,https://raw.githubusercontent.com/THETIS-dataset/dataset/main/VIDEO_RGB/smash/p33_smash_s1.avi,p33_smash_s1.avi,p33,33,expert,1,smash,1,smash,VIDEO_RGB,1,,7a89e9c72f7844371666e4038bc0cef8d9ac6671,1378566
VIDEO_RGB/smash/p33_smash_s2.avi,https://raw.githubusercontent.com/THETIS-dataset/dataset/main/VIDEO_RGB/smash/p33_smash_s2.avi,p33_smash_s2.avi,p33,33,expert,1,smash,2,smash,VIDEO_RGB,1,,1e7df0f2870536e1c6f02bf14d4f5cef8bc08245,1286086
VIDEO_RGB/smash/p33_smash_s3.avi,https://raw.githubusercontent.com/THETIS-dataset/dataset/main/VIDEO_RGB/smash/p33_smash_s3.avi,p33_smash_s3.avi,p33,33,expert,1,smash,3,smash,VIDEO_RGB,1,,37e31650d21b9e984617c16b639d99b7eed55f88,1171888
VIDEO_RGB/smash/p34_smash_s1.avi,https://raw.githubusercontent.com/THETIS-dataset/dataset/main/VIDEO_RGB/smash/p34_smash_s1.avi,p34_smash_s1.avi,p34,34,expert,1,smash,1,smash,VIDEO_RGB,1,,235abd06485b870c763452c30841c68a31eeb0df,1479688
VIDEO_RGB/smash/p34_smash_s2.avi,https://raw.githubusercontent.com/THETIS-dataset/dataset/main/VIDEO_RGB/smash/p34_smash_s2.avi,p34_smash_s2.avi,p34,34,expert,1,smash,2,smash,VIDEO_RGB,1,,ac303f46cc9cf987405d35bef0d61940c60cc669,1412730
VIDEO_RGB/smash/p34_smash_s3.avi,https://raw.githubusercontent.com/THETIS-dataset/dataset/main/VIDEO_RGB/smash/p34_smash_s3.avi,p34_smash_s3.avi,p34,34,expert,1,smash,3,smash,VIDEO_RGB,1,,313dd9580de6ff900d517719af06e9330ab5f8b5,1694384
VIDEO_RGB/smash/p35_smash_s1.avi,https://raw.githubusercontent.com/THETIS-dataset/dataset/main/VIDEO_RGB/smash/p35_smash_s1.avi,p35_smash_s1.avi,p35,35,expert,1,smash,1,smash,VIDEO_RGB,1,,80b69c6192c273824be5b8b9ae7c1ed60b9c7862,1950100
VIDEO_RGB/smash/p35_smash_s2.avi,https://raw.githubusercontent.com/THETIS-dataset/dataset/main/VIDEO_RGB/smash/p35_smash_s2.avi,p35_smash_s2.avi,p35,35,expert,1,smash,2,smash,VIDEO_RGB,1,,82bfedb268998af4bbae66c420c709b6efd51fd3,1400740
VIDEO_RGB/smash/p35_smash_s3.avi,https://raw.githubusercontent.com/THETIS-dataset/dataset/main/VIDEO_RGB/smash/p35_smash_s3.avi,p35_smash_s3.avi,p35,35,expert,1,smash,3,smash,VIDEO_RGB,1,,6128b8404bcfacea2bc62d45352aa5786304344a,1600810
VIDEO_RGB/smash/p36_smash_s1.avi,https://raw.githubusercontent.com/THETIS-dataset/dataset/main/VIDEO_RGB/smash/p36_smash_s1.avi,p36_smash_s1.avi,p36,36,expert,1,smash,1,smash,VIDEO_RGB,1,,51c13f3e6a57e541513f9d2f16b909f399c21a0b,1738996
VIDEO_RGB/smash/p36_smash_s2.avi,https://raw.githubusercontent.com/THETIS-dataset/dataset/main/VIDEO_RGB/smash/p36_smash_s2.avi,p36_smash_s2.avi,p36,36,expert,1,smash,2,smash,VIDEO_RGB,1,,1f43f2a2d3c6b3e5196a2b8762d76b672b9a02d9,1676632
VIDEO_RGB/smash/p36_smash_s3.avi,https://raw.githubusercontent.com/THETIS-dataset/dataset/main/VIDEO_RGB/smash/p36_smash_s3.avi,p36_smash_s3.avi,p36,36,expert,1,smash,3,smash,VIDEO_RGB,1,,2d6d49689b86414fc6fba89e7e87645f770d14f5,1916876
VIDEO_RGB/smash/p37_smash_s1.avi,https://raw.githubusercontent.com/THETIS-dataset/dataset/main/VIDEO_RGB/smash/p37_smash_s1.avi,p37_smash_s1.avi,p37,37,expert,1,smash,1,smash,VIDEO_RGB,1,,b4cd3c5eb9d25902a1e2e810b4359c703fa53eb7,1667694
VIDEO_RGB/smash/p37_smash_s2.avi,https://raw.githubusercontent.com/THETIS-dataset/dataset/main/VIDEO_RGB/smash/p37_smash_s2.avi,p37_smash_s2.avi,p37,37,expert,1,smash,2,smash,VIDEO_RGB,1,,fb9e6a7640fe3870d6aabf1411a134578fdc9c67,1751756
VIDEO_RGB/smash/p37_smash_s3.avi,https://raw.githubusercontent.com/THETIS-dataset/dataset/main/VIDEO_RGB/smash/p37_smash_s3.avi,p37_smash_s3.avi,p37,37,expert,1,smash,3,smash,VIDEO_RGB,1,,2c8d27145ca4de319e8f6aa52e00c41200bf59c0,1954298
VIDEO_RGB/smash/p38_smash_s1.avi,https://raw.githubusercontent.com/THETIS-dataset/dataset/main/VIDEO_RGB/smash/p38_smash_s1.avi,p38_smash_s1.avi,p38,38,expert,1,smash,1,smash,VIDEO_RGB,1,,06e9f31fe8c7a5a113898d7068e07f828b91a4a0,2130990
VIDEO_RGB/smash/p38_smash_s2.avi,https://raw.githubusercontent.com/THETIS-dataset/dataset/main/VIDEO_RGB/smash/p38_smash_s2.avi,p38_smash_s2.avi,p38,38,expert,1,smash,2,smash,VIDEO_RGB,1,,df151a4f41619aaf1b948b6ceda7a7ea9b9ae219,1932286
VIDEO_RGB/smash/p38_smash_s3.avi,https://raw.githubusercontent.com/THETIS-dataset/dataset/main/VIDEO_RGB/smash/p38_smash_s3.avi,p38_smash_s3.avi,p38,38,expert,1,smash,3,smash,VIDEO_RGB,1,,97fc4f835612ce67e8d8a63faaf09542bf560a27,1587544
VIDEO_RGB/smash/p39_smash_s1.avi,https://raw.githubusercontent.com/THETIS-dataset/dataset/main/VIDEO_RGB/smash/p39_smash_s1.avi,p39_smash_s1.avi,p39,39,expert,1,smash,1,smash,VIDEO_RGB,1,,56fa868d86fd2285e3848f52079c6dfc2c0b8ac9,2202336
VIDEO_RGB/smash/p39_smash_s2.avi,https://raw.githubusercontent.com/THETIS-dataset/dataset/main/VIDEO_RGB/smash/p39_smash_s2.avi,p39_smash_s2.avi,p39,39,expert,1,smash,2,smash,VIDEO_RGB,1,,23f079fd21d68752924f427a5940dcf46eb75a5b,1762162
VIDEO_RGB/smash/p39_smash_s3.avi,https://raw.githubusercontent.com/THETIS-dataset/dataset/main/VIDEO_RGB/smash/p39_smash_s3.avi,p39_smash_s3.avi,p39,39,expert,1,smash,3,smash,VIDEO_RGB,1,,f284de62f477d7b694ad7d3ca759129ab702398d,2336568
VIDEO_RGB/smash/p40_smash_s1.avi,https://raw.githubusercontent.com/THETIS-dataset/dataset/main/VIDEO_RGB/smash/p40_smash_s1.avi,p40_smash_s1.avi,p40,40,expert,1,smash,1,smash,VIDEO_RGB,1,,99caa9cb8068151fb40a53e9095bfc2415f60f8b,1883018
VIDEO_RGB/smash/p40_smash_s2.avi,https://raw.githubusercontent.com/THETIS-dataset/dataset/main/VIDEO_RGB/smash/p40_smash_s2.avi,p40_smash_s2.avi,p40,40,expert,1,smash,2,smash,VIDEO_RGB,1,,574342f3b2f332f50504a479a645e0e9e859a94b,2105712
VIDEO_RGB/smash/p40_smash_s3.avi,https://raw.githubusercontent.com/THETIS-dataset/dataset/main/VIDEO_RGB/smash/p40_smash_s3.avi,p40_smash_s3.avi,p40,40,expert,1,smash,3,smash,VIDEO_RGB,1,,d378cccb3554cd839fdf4e6beea0b3fa8869ab57,2086698
VIDEO_RGB/smash/p41_smash_s1.avi,https://raw.githubusercontent.com/THETIS-dataset/dataset/main/VIDEO_RGB/smash/p41_smash_s1.avi,p41_smash_s1.avi,p41,41,expert,1,smash,1,smash,VIDEO_RGB,1,,f7dadefbad8a8a87ef801ea1be08a5ccf435ada0,1490040
VIDEO_RGB/smash/p41_smash_s2.avi,https://raw.githubusercontent.com/THETIS-dataset/dataset/main/VIDEO_RGB/smash/p41_smash_s2.avi,p41_smash_s2.avi,p41,41,expert,1,smash,2,smash,VIDEO_RGB,1,,18950cc002b3c44220ce08e6d01b7f405c62344f,1692698
VIDEO_RGB/smash/p41_smash_s3.avi,https://raw.githubusercontent.com/THETIS-dataset/dataset/main/VIDEO_RGB/smash/p41_smash_s3.avi,p41_smash_s3.avi,p41,41,expert,1,smash,3,smash,VIDEO_RGB,1,,78836a82efd1423db9545b5594ed0d95f6bbfb84,1683612
VIDEO_RGB/smash/p42_smash_s1.avi,https://raw.githubusercontent.com/THETIS-dataset/dataset/main/VIDEO_RGB/smash/p42_smash_s1.avi,p42_smash_s1.avi,p42,42,expert,1,smash,1,smash,VIDEO_RGB,1,,b4c4adb2bef0fdaae8510e5ac5000f7d5cc1a688,1594530
VIDEO_RGB/smash/p42_smash_s2.avi,https://raw.githubusercontent.com/THETIS-dataset/dataset/main/VIDEO_RGB/smash/p42_smash_s2.avi,p42_smash_s2.avi,p42,42,expert,1,smash,2,smash,VIDEO_RGB,1,,0fe1477e9822a701f2f1eb6f7750bda6347b5572,1416772
VIDEO_RGB/smash/p42_smash_s3.avi,https://raw.githubusercontent.com/THETIS-dataset/dataset/main/VIDEO_RGB/smash/p42_smash_s3.avi,p42_smash_s3.avi,p42,42,expert,1,smash,3,smash,VIDEO_RGB,1,,99b639ff14bc5076d64591b6a887c1f247ecff2f,1533732
VIDEO_RGB/smash/p43_smash_s1.avi,https://raw.githubusercontent.com/THETIS-dataset/dataset/main/VIDEO_RGB/smash/p43_smash_s1.avi,p43_smash_s1.avi,p43,43,expert,1,smash,1,smash,VIDEO_RGB,1,,7698992c1edd3a9c8e7e0f9efb115ab147c52374,1971098
VIDEO_RGB/smash/p43_smash_s2.avi,https://raw.githubusercontent.com/THETIS-dataset/dataset/main/VIDEO_RGB/smash/p43_smash_s2.avi,p43_smash_s2.avi,p43,43,expert,1,smash,2,smash,VIDEO_RGB,1,,d2e8af72c5a5dd78abc429b7a086823d6b77a943,2404772
VIDEO_RGB/smash/p43_smash_s3.avi,https://raw.githubusercontent.com/THETIS-dataset/dataset/main/VIDEO_RGB/smash/p43_smash_s3.avi,p43_smash_s3.avi,p43,43,expert,1,smash,3,smash,VIDEO_RGB,1,,ab91e9af3ffcdc22b107e503369bf9aec2387723,2510774
VIDEO_RGB/smash/p44_smash_s1.avi,https://raw.githubusercontent.com/THETIS-dataset/dataset/main/VIDEO_RGB/smash/p44_smash_s1.avi,p44_smash_s1.avi,p44,44,expert,1,smash,1,smash,VIDEO_RGB,1,,80735c0cb1a45f160d521c77d19072ca74b354ec,2304636
VIDEO_RGB/smash/p44_smash_s2.avi,https://raw.githubusercontent.com/THETIS-dataset/dataset/main/VIDEO_RGB/smash/p44_smash_s2.avi,p44_smash_s2.avi,p44,44,expert,1,smash,2,smash,VIDEO_RGB,1,,3c284140de5a43f2b005f6ebe8331658668e9ff3,1859856
VIDEO_RGB/smash/p44_smash_s3.avi,https://raw.githubusercontent.com/THETIS-dataset/dataset/main/VIDEO_RGB/smash/p44_smash_s3.avi,p44_smash_s3.avi,p44,44,expert,1,smash,3,smash,VIDEO_RGB,1,,48ac1636c1e947f959ec21d45752fdbe77d2e0f6,2886238
VIDEO_RGB/smash/p45_smash_s1.avi,https://raw.githubusercontent.com/THETIS-dataset/dataset/main/VIDEO_RGB/smash/p45_smash_s1.avi,p45_smash_s1.avi,p45,45,expert,1,smash,1,smash,VIDEO_RGB,1,,c784409a31f6716b03c4c864bfaf6985e7c57851,972668
VIDEO_RGB/smash/p45_smash_s2.avi,https://raw.githubusercontent.com/THETIS-dataset/dataset/main/VIDEO_RGB/smash/p45_smash_s2.avi,p45_smash_s2.avi,p45,45,expert,1,smash,2,smash,VIDEO_RGB,1,,6fd633171b0bfe366e68c633bbdc0e3b57afb54e,1403194
VIDEO_RGB/smash/p45_smash_s3.avi,https://raw.githubusercontent.com/THETIS-dataset/dataset/main/VIDEO_RGB/smash/p45_smash_s3.avi,p45_smash_s3.avi,p45,45,expert,1,smash,3,smash,VIDEO_RGB,1,,82917d43cd81b20ecc649d5a3c8518aaa088730b,1611704
VIDEO_RGB/smash/p46_smash_s1.avi,https://raw.githubusercontent.com/THETIS-dataset/dataset/main/VIDEO_RGB/smash/p46_smash_s1.avi,p46_smash_s1.avi,p46,46,expert,1,smash,1,smash,VIDEO_RGB,1,,0bc5182a7fca6c9f523a58ddc832c42b6b694d7b,1759888
VIDEO_RGB/smash/p46_smash_s2.avi,https://raw.githubusercontent.com/THETIS-dataset/dataset/main/VIDEO_RGB/smash/p46_smash_s2.avi,p46_smash_s2.avi,p46,46,expert,1,smash,2,smash,VIDEO_RGB,1,,1a218b15228d0d899e384a3fccce41e35bd7d4cd,1730020
VIDEO_RGB/smash/p46_smash_s3.avi,https://raw.githubusercontent.com/THETIS-dataset/dataset/main/VIDEO_RGB/smash/p46_smash_s3.avi,p46_smash_s3.avi,p46,46,expert,1,smash,3,smash,VIDEO_RGB,1,,e0430178a127e86c401a52d5de7d1da4a236164f,1664010
VIDEO_RGB/smash/p47_smash_s1.avi,https://raw.githubusercontent.com/THETIS-dataset/dataset/main/VIDEO_RGB/smash/p47_smash_s1.avi,p47_smash_s1.avi,p47,47,expert,1,smash,1,smash,VIDEO_RGB,1,,8b09226de2e0b7e6f84742b2964a3f80ed50197a,2162858
VIDEO_RGB/smash/p47_smash_s2.avi,https://raw.githubusercontent.com/THETIS-dataset/dataset/main/VIDEO_RGB/smash/p47_smash_s2.avi,p47_smash_s2.avi,p47,47,expert,1,smash,2,smash,VIDEO_RGB,1,,db7ecb2b85ea62aec88d7ceba674a635e7d60c13,2359056
VIDEO_RGB/smash/p47_smash_s3.avi,https://raw.githubusercontent.com/THETIS-dataset/dataset/main/VIDEO_RGB/smash/p47_smash_s3.avi,p47_smash_s3.avi,p47,47,expert,1,smash,3,smash,VIDEO_RGB,1,,2c35afd9a87afb5b2c877e5f8d9af4d020da1c6f,2753462
VIDEO_RGB/smash/p48_smash_s1.avi,https://raw.githubusercontent.com/THETIS-dataset/dataset/main/VIDEO_RGB/smash/p48_smash_s1.avi,p48_smash_s1.avi,p48,48,expert,1,smash,1,smash,VIDEO_RGB,1,,ae8c10eecfe9a8d48e8fbdcb1ab051e0c3311dd1,3023136
VIDEO_RGB/smash/p48_smash_s2.avi,https://raw.githubusercontent.com/THETIS-dataset/dataset/main/VIDEO_RGB/smash/p48_smash_s2.avi,p48_smash_s2.avi,p48,48,expert,1,smash,2,smash,VIDEO_RGB,1,,dde0480a4557d4ce4f633736f590df54227addd2,2384568
VIDEO_RGB/smash/p48_smash_s3.avi,https://raw.githubusercontent.com/THETIS-dataset/dataset/main/VIDEO_RGB/smash/p48_smash_s3.avi,p48_smash_s3.avi,p48,48,expert,1,smash,3,smash,VIDEO_RGB,1,,a19cf0e2d04eb32f63240e70c958ba85f2d6d7da,2519546
VIDEO_RGB/smash/p49_smash_s1.avi,https://raw.githubusercontent.com/THETIS-dataset/dataset/main/VIDEO_RGB/smash/p49_smash_s1.avi,p49_smash_s1.avi,p49,49,expert,1,smash,1,smash,VIDEO_RGB,1,,23169753b378d1d5dd8c9f5ad3991b9745c87e4e,3204734
VIDEO_RGB/smash/p49_smash_s2.avi,https://raw.githubusercontent.com/THETIS-dataset/dataset/main/VIDEO_RGB/smash/p49_smash_s2.avi,p49_smash_s2.avi,p49,49,expert,1,smash,2,smash,VIDEO_RGB,1,,6dcf2e9355678955a2bc202f2f81ec207ed1322c,3095528
VIDEO_RGB/smash/p49_smash_s3.avi,https://raw.githubusercontent.com/THETIS-dataset/dataset/main/VIDEO_RGB/smash/p49_smash_s3.avi,p49_smash_s3.avi,p49,49,expert,1,smash,3,smash,VIDEO_RGB,1,,1d655456224109a725d7e14291d91c69d564c891,3862386
VIDEO_RGB/smash/p50_smash_s1.avi,https://raw.githubusercontent.com/THETIS-dataset/dataset/main/VIDEO_RGB/smash/p50_smash_s1.avi,p50_smash_s1.avi,p50,50,expert,1,smash,1,smash,VIDEO_RGB,1,,fd939a4d72d9f8d5974cfa9db838152feaac9024,3563034
VIDEO_RGB/smash/p50_smash_s2.avi,https://raw.githubusercontent.com/THETIS-dataset/dataset/main/VIDEO_RGB/smash/p50_smash_s2.avi,p50_smash_s2.avi,p50,50,expert,1,smash,2,smash,VIDEO_RGB,1,,9bde2de84574677cd78d212bfb1ce34d9cfb3e4b,3380654
VIDEO_RGB/smash/p50_smash_s3.avi,https://raw.githubusercontent.com/THETIS-dataset/dataset/main/VIDEO_RGB/smash/p50_smash_s3.avi,p50_smash_s3.avi,p50,50,expert,1,smash,3,smash,VIDEO_RGB,1,,31eba64a03fcf26ae66927e0189405251343c1d3,3960984
VIDEO_RGB/smash/p51_smash_s1.avi,https://raw.githubusercontent.com/THETIS-dataset/dataset/main/VIDEO_RGB/smash/p51_smash_s1.avi,p51_smash_s1.avi,p51,51,expert,1,smash,1,smash,VIDEO_RGB,1,,1ba805e0e7f8686805e6f130160fac5f9c413aad,4955906
VIDEO_RGB/smash/p51_smash_s2.avi,https://raw.githubusercontent.com/THETIS-dataset/dataset/main/VIDEO_RGB/smash/p51_smash_s2.avi,p51_smash_s2.avi,p51,51,expert,1,smash,2,smash,VIDEO_RGB,1,,0ea56f0a73576b3f7a18b10d000314c1384a80f1,4008598
VIDEO_RGB/smash/p51_smash_s3.avi,https://raw.githubusercontent.com/THETIS-dataset/dataset/main/VIDEO_RGB/smash/p51_smash_s3.avi,p51_smash_s3.avi,p51,51,expert,1,smash,3,smash,VIDEO_RGB,1,,3da9b387c650e4ab767f1bd9468002d222a2db62,4266200
VIDEO_RGB/smash/p52_smash_s1.avi,https://raw.githubusercontent.com/THETIS-dataset/dataset/main/VIDEO_RGB/smash/p52_smash_s1.avi,p52_smash_s1.avi,p52,52,expert,1,smash,1,smash,VIDEO_RGB,1,,420f90399d9c370cf111b3726b1051018ceeeb0a,2121492
VIDEO_RGB/smash/p52_smash_s2.avi,https://raw.githubusercontent.com/THETIS-dataset/dataset/main/VIDEO_RGB/smash/p52_smash_s2.avi,p52_smash_s2.avi,p52,52,expert,1,smash,2,smash,VIDEO_RGB,1,,2ad203050b5848a3163f589dd19074e27c037c71,2125820
VIDEO_RGB/smash/p52_smash_s3.avi,https://raw.githubusercontent.com/THETIS-dataset/dataset/main/VIDEO_RGB/smash/p52_smash_s3.avi,p52_smash_s3.avi,p52,52,expert,1,smash,3,smash,VIDEO_RGB,1,,d6b4f6507febd99ba0e4fd808583cdf629bbfe00,2200158
VIDEO_RGB/smash/p53_smash_s1.avi,https://raw.githubusercontent.com/THETIS-dataset/dataset/main/VIDEO_RGB/smash/p53_smash_s1.avi,p53_smash_s1.avi,p53,53,expert,1,smash,1,smash,VIDEO_RGB,1,,64ee91f6ddb30a1202bed0641cf3b4df08e0ee5b,2189750
VIDEO_RGB/smash/p53_smash_s2.avi,https://raw.githubusercontent.com/THETIS-dataset/dataset/main/VIDEO_RGB/smash/p53_smash_s2.avi,p53_smash_s2.avi,p53,53,expert,1,smash,2,smash,VIDEO_RGB,1,,351b4a963b93741bbb0f6bea025789d8d153f9b0,2395160
VIDEO_RGB/smash/p53_smash_s3.avi,https://raw.githubusercontent.com/THETIS-dataset/dataset/main/VIDEO_RGB/smash/p53_smash_s3.avi,p53_smash_s3.avi,p53,53,expert,1,smash,3,smash,VIDEO_RGB,1,,3fdc0ef2288d3226573ad6bd000a008c6f3988cd,2258412
VIDEO_RGB/smash/p54_smash_s1.avi,https://raw.githubusercontent.com/THETIS-dataset/dataset/main/VIDEO_RGB/smash/p54_smash_s1.avi,p54_smash_s1.avi,p54,54,expert,1,smash,1,smash,VIDEO_RGB,1,,d0cac59199dda69f0711f5e0eccbadf85d4954d6,3065136
VIDEO_RGB/smash/p54_smash_s2.avi,https://raw.githubusercontent.com/THETIS-dataset/dataset/main/VIDEO_RGB/smash/p54_smash_s2.avi,p54_smash_s2.avi,p54,54,expert,1,smash,2,smash,VIDEO_RGB,1,,9f2d7dc88ac88bd96372340befa8dfc64241b3c2,2563468
VIDEO_RGB/smash/p54_smash_s3.avi,https://raw.githubusercontent.com/THETIS-dataset/dataset/main/VIDEO_RGB/smash/p54_smash_s3.avi,p54_smash_s3.avi,p54,54,expert,1,smash,3,smash,VIDEO_RGB,1,,39b7689edd6dd98ccbc37ff8bb655b342a5cd196,2573010
VIDEO_RGB/smash/p55_smash_s1.avi,https://raw.githubusercontent.com/THETIS-dataset/dataset/main/VIDEO_RGB/smash/p55_smash_s1.avi,p55_smash_s1.avi,p55,55,expert,1,smash,1,smash,VIDEO_RGB,1,,95b0e33397279b321ad0c6958c4119856c6ab8a9,1704126
VIDEO_RGB/smash/p55_smash_s2.avi,https://raw.githubusercontent.com/THETIS-dataset/dataset/main/VIDEO_RGB/smash/p55_smash_s2.avi,p55_smash_s2.avi,p55,55,expert,1,smash,2,smash,VIDEO_RGB,1,,faa82c5cc8668cd376cf61c8b0565daa6c1fe671,2132302
VIDEO_RGB/smash/p55_smash_s3.avi,https://raw.githubusercontent.com/THETIS-dataset/dataset/main/VIDEO_RGB/smash/p55_smash_s3.avi,p55_smash_s3.avi,p55,55,expert,1,smash,3,smash,VIDEO_RGB,1,,9fb6d2583c7b90b064d6dfb271bffa0258ca54a2,2179780
